total_reward,centerline_rms_m,centerline_max_m,max_roll_deg,max_pitch_deg,max_alpha_deg,max_heading_error_deg,control_roughness,max_agl_ft,stabilization_fraction_after_100ft,success,reason,transitions,duration_s,level,mass_lbs,cg_x_in,runway_length_m,runway_elevation_ft,runway_surface,static_friction_factor,headwind_kt,crosswind_kt,gust_sigma_kt,turbulence_severity,delta_isa_c,qnh_hpa,density_ratio,liftoff_time_s,runway_distance_used_m,time_to_100ft_s,takeoff_time_s,final_airspeed_kt,final_agl_ft,final_vs_fpm,vs_est_kt,vr_est_kt,seed,cleanliness,rms_lateral_accel_mps2,rms_yaw_rate_dps,reward_profile,rc_progress,rc_centerline,rc_heading,rc_acceleration,rc_rotation,rc_climb,rc_altitude_progress,rc_stability,rc_success_bonus,rc_time_penalty,rc_lateral_penalty,rc_roll_penalty,rc_heading_penalty,rc_aoa_penalty,rc_sideslip_penalty,rc_control_oscillation_penalty,rc_premature_rotation_penalty,rc_clean_centerline,rc_lateral_rate_penalty,rc_lateral_accel_penalty,rc_yaw_rate_penalty,rc_roll_rate_penalty,rc_clean_takeoff_bonus,rc_failure_penalty,eval_seed
-44.109405982446646,3.091731571256275,3.093035588087324,0.045223530557648745,-2.5481564292063688,-90.0,0.31605274383730825,0.5482797071189182,0.0,0.0,False,FAILED_TO_ACCELERATE,301,30.099999999998296,2,640651.696731264,1327.5781594806945,4543.608384728065,1722.563010372228,wet,0.8547990537875274,7.0258412061642534,-5.726136593238245,1.667933093556609,0.5599475086478997,-4.209268528156036,1004.6266080602129,0.9494655255217195,,,,,7.445657892765544,-0.14988763404790006,-0.08244532416608857,119.76317135382594,129.344225062132,1453380691,0.9258754546334254,0.0,0.00031806094202023975,clean,0.0006590911623592895,0.000527706105035904,0.0005777543246163275,0.0014897449720299215,0.0,0.0,0.0,0.0,0.0,-3.00999999999998,-0.31968889296883785,0.0,0.0,0.0,0.0,-10.783148706687165,0.0,0.00017732064532039528,0.0,0.0,0.0,0.0,0.0,-30.0,1000000
-103.30435989655193,13.548645046227582,68.93292734768755,28.70055867480916,9.26654451767472,8.59106584992782,4.0990350435403435,0.5614815091065636,502.08668776355717,0.0,False,CRASH,895,89.50000000002348,2,760900.0123337879,1324.742724939837,4360.655801838006,658.6486146178985,wet,0.8615640147886126,10.67346508562456,0.5249120577073194,1.345473361545529,0.0966006719232666,-7.647798920560609,1010.4609104372832,0.9796461233259385,43.299999999997546,1173.6342629958453,,,144.9799907186546,11.442650132093945,-989.0041794135377,129.35194421507657,139.7000997522827,998109225,0.00010961623774985869,0.710448425167244,0.5963185526908511,clean,83.50040309967648,11.514090970713363,18.27154252615927,10.619624141590599,17.13573243684493,14.790184653404042,0.45770600528375843,0.0,0.0,-8.949999999999854,-17.781341512851593,-13.528223004897637,-0.014373685351705441,0.0,-9.992459145842963,-34.1696559338863,0.0,18.153333079000234,-55.43273483876928,-35.156542383447466,-0.6973302984814096,-2.024316005695877,0.0,-100.0,1000001
-43.17850463111028,2.8374538591989116,2.849797949703157,0.15756243675268233,-2.669578837069156,-90.0,0.26316532242471563,0.44142788150249795,0.0,0.0,False,FAILED_TO_ACCELERATE,301,30.099999999998296,2,688543.8720003093,1329.4739494040803,3966.59600001896,202.03975514294675,wet,0.8135574824272468,0.14221086435793806,11.389788606640305,1.0146088248986094,0.13564745840071113,10.9710161136292,1006.372694916095,0.9939643676099293,,,,,12.537125730517394,-0.16116643591587376,0.3102574042737537,127.32410650077499,137.510035020837,1575982921,0.937070733543735,0.0,0.007121481483549272,clean,0.02217715948490678,0.016201275361979933,0.01672964605584968,0.09999367228481092,0.0,0.0,0.0,0.0,0.0,-3.00999999999998,-0.26926605170310247,0.0,0.0,0.0,0.0,-10.061831936646158,0.0,0.007491604051432236,0.0,0.0,0.0,0.0,0.0,-30.0,1000002
-39.60463649645352,4.967769287957567,5.114887705074446,0.0307039415428794,-2.9007914596649567,-90.0,1.270033657949694,0.3470280294534506,0.0,0.0,False,FAILED_TO_ACCELERATE,301,30.099999999998296,2,758581.5800088383,1328.7996860136361,4304.934179320993,1618.9506433948784,wet,0.829928680657791,9.047576295900333,1.9114289031529523,1.0138003346580449,0.9378867766821103,5.536961613435707,1009.4692794203139,0.954011245324243,,,,,10.152875371791193,-0.17607812665073652,-0.015623134689521367,132.2201706426452,142.79778429405684,181836731,0.8183612518713815,0.0,0.05006498058758734,clean,0.23572168892290965,0.08808757165813921,0.17248334302613932,0.20817099297086503,0.0,0.0,0.0,0.0,0.0,-3.00999999999998,-0.825366471245633,0.0,0.0,0.0,0.0,-6.475003022966621,0.0,0.0012694011806798642,0.0,0.0,0.0,0.0,0.0,-30.0,1000003
-47.510978687939684,4.055984267330575,4.056489976638039,0.03820914706113103,-3.145977560349509,-90.0,0.9075359351530923,0.6800935433420496,0.0,0.0,False,FAILED_TO_ACCELERATE,301,30.099999999998296,2,772011.9380810227,1317.2665818713888,4034.072109959779,1499.8632964835263,wet,0.8713421920501696,7.69398875064217,-6.9570461192634045,0.8522097310689103,0.5095367969821151,11.05289002274204,1008.9797315927269,0.9580892551441536,,,,,10.642721336021413,-0.19812307550364494,0.017077316695873812,134.66491652221984,145.43810984399744,730354876,0.8758764645751249,0.0,0.00028298843484101543,clean,0.0007511119143336491,0.00040442295722413284,0.000566669843428442,0.0005999568199597258,0.0,0.0,0.0,0.0,0.0,-3.00999999999998,-0.5501948357140864,0.0,0.0,0.0,0.0,-13.953137992900562,0.0,3.197914002833131e-05,0.0,0.0,0.0,0.0,0.0,-30.0,1000004
-38.243870889293234,3.74612726383394,4.01709782688563,0.17721741331345542,-2.672647894476005,-90.0,4.297600087473715,0.3672120070140624,0.0,0.0,False,FAILED_TO_ACCELERATE,301,30.099999999998296,2,628504.1629106973,1315.9918465254152,4481.969947412444,2173.3399083013524,wet,0.8850499259207667,13.047433504300129,11.083101420194456,1.6816780438301666,0.3671096693597531,-0.9225064351794501,1002.714103771333,0.9373896151053082,,,,,28.516924746811114,-0.10040241167234853,0.9750387349294631,119.42061651514645,128.97426583635817,1476772470,0.8843548552530214,0.08621849842200474,0.20514133002365997,clean,0.5600226792811549,0.3601669532886236,0.33312536530635345,1.504720448987532,0.0,0.0,0.0,0.0,0.0,-3.00999999999998,-0.46934159028098094,0.0,-0.005492794631665481,0.0,0.0,-7.0606305786364825,0.0,0.10738027154230445,-0.25297383554174396,-0.3065285039163448,-0.004319304691979445,0.0,0.0,-30.0,1000005
-41.09209851606255,1.5603123112510418,1.56159988407984,0.0877218869378779,-2.956989355921511,-90.0,0.20694524566150804,0.4247026725992944,0.0,0.0,False,FAILED_TO_ACCELERATE,301,30.099999999998296,2,836335.3856029602,1338.7917174172685,3909.16752200898,1671.6386779649572,dry,0.9746034012670145,6.356914044533214,9.797109513290593,1.578439103764341,0.3126439289254731,8.766507653907691,1007.7765224463102,0.9530655032892456,,,,,12.782173612249105,-0.1753463133773039,0.08731559720820337,139.70954455638858,150.88630812089968,1842279788,0.9805559675490754,0.0,0.000559496084331644,clean,0.0007440974203710482,0.0007845377915008539,0.0006474162588755895,0.002204460102401168,0.0,0.0,0.0,0.0,0.0,-3.00999999999998,-0.08142299190012349,0.0,0.0,0.0,0.0,-8.006233134461974,0.0,0.0011770987264139877,0.0,0.0,0.0,0.0,0.0,-30.0,1000006
-44.70859336642592,2.9267953379644793,3.2707542290763674,0.032033611962183725,-2.5200459733885325,-90.0,3.463832580621275,0.5928230682348756,0.0,0.0,False,FAILED_TO_ACCELERATE,301,30.099999999998296,2,704595.1113367209,1341.9978362231816,4435.44370848928,1123.0227465628218,dry,0.9576611346866287,-0.10201975769299287,-6.906777530879861,1.6722954485156738,0.6651638635133705,11.449152431514506,1010.1448110429039,0.9684268845719437,,,,,5.900077398527917,-0.1555229106600109,0.10814485397547424,128.66163664680565,138.9545675785501,2140195729,0.9311116656901097,0.0,0.06916785495427497,clean,0.3855055134131752,0.2822250175821751,0.22014460321656798,0.380109006277652,0.0,0.0,0.0,0.0,0.0,-3.00999999999998,-0.28648949067216883,0.0,-0.002722410202970974,0.0,0.0,-12.822355432492511,0.0,0.14498982645214886,0.0,0.0,0.0,0.0,0.0,-30.0,1000007
-44.84383430541238,2.009714407185254,2.010352760752701,0.024367597630279788,-3.0032018458945577,-90.0,1.4929393691334734,0.5766856352224169,0.0,0.0,False,FAILED_TO_ACCELERATE,301,30.099999999998296,2,794884.192802111,1329.4124511565178,4526.661594781882,2029.4840626024318,dry,0.953292651091086,13.832055047220473,-2.647877103140327,1.7619670900061815,0.6228469633065873,-2.4243985368662653,1020.9897347371246,0.9411472070494099,,,,,15.641220668510691,-0.1670324170704589,-0.040290170260261306,132.74452184898732,143.3640835969063,1986273948,0.9679834025104016,0.0,0.0003084572988123946,clean,0.0007024481195774973,0.0006619534392226935,0.000533790269115254,0.001178003866502558,0.0,0.0,0.0,0.0,0.0,-3.00999999999998,-0.1350805057258713,0.0,0.0,0.0,0.0,-11.702538655392905,0.0,0.0007086600119852014,0.0,0.0,0.0,0.0,0.0,-30.0,1000008
-46.827472815196955,3.416997161907215,3.4203679766335613,0.09922108292854905,-3.151162063551933,-90.0,1.6956272363146858,0.6267636688642718,0.0,0.0,False,FAILED_TO_ACCELERATE,301,30.099999999998296,2,821149.834951512,1325.9776819640472,4452.487077872924,836.7016711659278,dry,0.9546955812429364,6.155121344960783,-10.80294178661412,1.300850232868605,0.3393027165223689,3.757936679155696,1003.9774339764209,0.9757280108186246,,,,,11.556189496051873,-0.1927682799887407,-0.06786666081437437,137.52224961954568,148.52402958910935,1458592668,0.9101864260697875,0.0,0.0006792447169761437,clean,0.0007592687423686327,0.0005624801370138428,0.0006000953710677948,0.001844976237611523,0.0,0.0,0.0,0.0,0.0,-3.00999999999998,-0.39049297232767427,0.0,0.0,0.0,0.0,-13.430867732510618,0.0,0.00012106915329813897,0.0,0.0,0.0,0.0,0.0,-30.0,1000009
-37.64750897241521,1.8148060221262081,1.8200725533430486,0.10029418291057185,-3.421198098776901,-90.0,0.6476850057463124,0.2529495859462954,0.0,0.0,False,FAILED_TO_ACCELERATE,301,30.099999999998296,2,827945.3654504964,1312.7659905485266,4330.105710973747,1130.2108382494494,wet,0.8591926986537439,10.120589994647162,9.160792150235677,0.7383955122582408,0.5752409596315039,-3.680082742553938,1017.4880454600328,0.9666027397865486,,,,,13.573552590783384,-0.21209565774188377,-0.049405175306798686,135.41137325935037,146.2442831200984,1814746022,0.9737725169619522,0.0,0.000605797539046408,clean,0.0007715286196149414,0.0007478597822320601,0.0006294768303982996,0.0010659274767363443,0.0,0.0,0.0,0.0,0.0,-3.00999999999998,-0.11014997669795686,0.0,0.0,0.0,0.0,-4.531509035670207,0.0,0.0009352472439667221,0.0,0.0,0.0,0.0,0.0,-30.0,1000010
-34.25289812880132,4.704280231916744,4.708517692613025,0.056505698478970384,-2.998372839303487,-90.0,2.643469108532704,0.023269888405520002,0.0,0.0,False,FAILED_TO_ACCELERATE,301,30.099999999998296,2,828461.2458467211,1335.2538205887463,4406.987215332372,2041.0617718846986,wet,0.8836473873751284,-0.9005870824239579,6.933796674461742,0.443622817223734,0.8626683956030242,7.419061318789197,1011.626871317691,0.9427533633249187,,,,,7.568830653173851,-0.2022430643401094,-0.02702951544211828,138.4701599230271,149.54777271686928,1077289349,0.8366714830650512,0.0,0.0003022626628245521,clean,0.0007405253082296774,0.0003171837204660078,0.0004363206288436312,0.00043467297672885767,0.0,0.0,0.0,0.0,0.0,-3.00999999999998,-0.7401340002912459,0.0,0.0,0.0,0.0,-0.5047004136568323,0.0,7.582512491221783e-06,0.0,0.0,0.0,0.0,0.0,-30.0,1000011
-48.46768525052066,3.859479740212559,3.862294071150496,0.049002426721519055,-2.7225655232824373,-90.0,0.5647202296372211,0.6812366706588342,0.0,0.0,False,FAILED_TO_ACCELERATE,301,30.099999999998296,2,651466.8497481011,1318.0101791482743,4482.149017152242,548.2791974482582,dry,0.9421380430223896,12.397518802059148,-7.949048167901193,0.06891453555717653,0.7492060803256376,-1.808683063601852,1012.6228570043226,0.983586546702682,,,,,14.655998855803764,-0.1486116301207403,0.003749793012848723,120.79948806906539,130.46344711459062,1202598573,0.8869006118682469,0.0,0.00026592275631426456,clean,0.0006410375769831953,0.0003532634492556016,0.0004747508550366966,0.0005619847461269066,0.0,0.0,0.0,0.0,0.0,-3.00999999999998,-0.4981745270442739,0.0,0.0,0.0,0.0,-14.96158041124799,0.0,3.8651144218012654e-05,0.0,0.0,0.0,0.0,0.0,-30.0,1000012
-40.034529121186054,1.846836341615895,2.100622243674943,0.08045034578521647,-2.4723217434367686,-90.0,2.239599981251403,0.49941261784314833,0.0,0.0,False,FAILED_TO_ACCELERATE,301,30.099999999998296,2,615922.7165917557,1327.3141712219663,4339.73384816598,1967.5609835018827,dry,0.9166194421479331,-1.4917186965728524,-7.984616218971288,1.215660662514308,0.3016378070101676,4.139878223411184,1011.8157271643032,0.9441030406441036,,,,,9.007046136468036,-0.14489516806497704,0.004532264250221019,118.7189573154217,128.21647390065544,1469563401,0.9702360740179957,0.04013271444092015,0.13049997095303542,clean,0.9918329840952479,0.873207342963589,0.7099512157273662,0.6017245404842877,0.0,0.0,0.0,0.0,0.0,-3.00999999999998,-0.11407246069851867,0.0,0.0,0.0,0.0,-11.065234344849376,0.0,1.1121632874536953,0.0,-0.13410168636233372,0.0,0.0,0.0,-30.0,1000013
-45.09942441635684,4.707167607390417,4.709273959509372,0.05974668768597841,-3.017092862841354,-90.0,2.094341449322366,0.5495938165309289,0.0,0.0,False,FAILED_TO_ACCELERATE,301,30.099999999998296,2,720148.2452756376,1314.3678465765613,3999.9282210012057,1839.25051788482,wet,0.836441196967973,3.620621843073554,-5.974217746804675,1.9352478286660666,0.08328632169164152,-0.171755839935412,1004.6674443423974,0.9469016298337654,,,,,6.760243293197266,-0.1981999669135348,0.08182082235613118,127.87345974364358,138.10333652313508,1040438435,0.8365062009961438,0.0,0.00052397839641784,clean,0.0007596265943636374,0.00036956752379087445,0.0005643750152219122,0.002240042702933561,0.0,0.0,0.0,0.0,0.0,-3.00999999999998,-0.741042832455973,0.0,0.0,0.0,0.0,-11.352324004907429,0.0,8.809170269513132e-06,0.0,0.0,0.0,0.0,0.0,-30.0,1000014
-71.56752529106218,15.718508039170647,30.03446884650009,1.3047044994427852,-0.6208306810786887,-0.6160965706544057,3.0493394402216123,0.5556891032805044,2.20638388619318,0.0,False,RUNWAY_EXCURSION,480,47.99999999999728,2,810226.3872541244,1334.3419339022385,3897.4944125052925,2382.517992653919,wet,0.8409629418149981,13.55858739992473,-0.6179009670875253,1.3176472168716802,0.25361623685793055,-3.8931544484032683,1008.6276923376512,0.930829802400716,,,,,130.16324294383276,2.1521549804824645,-2.619268919442179,134.49124100166227,145.25054028179525,1794944360,0.06238871887214025,0.22812640967123593,0.3455410178000511,clean,35.859892758622536,3.0804717020504375,10.26478393725781,12.125554860213867,0.0,0.0,0.08608619921929861,0.0,0.0,-4.799999999999942,-13.177146398798504,0.0,-1.0491668483825652e-05,0.0,0.0,-18.170276795411176,0.0,3.367883597322862,-32.3641562735734,-7.823606024885971,-0.017002361411443463,0.0,0.0,-60.0,1000015
-44.19206295897284,1.454665520227778,1.493777367957328,0.03604132721894842,-2.5095144872252617,-90.0,2.834023539255241,0.5805785393926126,0.0,0.0,False,FAILED_TO_ACCELERATE,301,30.099999999998296,2,632451.9817482326,1328.4339732467156,4046.2860613340617,1417.0395753920902,wet,0.8438725318300977,6.440523839102429,-5.054568272579063,1.371373339934778,0.24131375609388483,11.839769295464322,1023.1588402354477,0.9604135479147423,,,,,9.72687149580304,-0.14402594315151873,0.004915041458992964,121.1982244808612,130.8940824393301,1061664524,0.9829693372450539,0.0,0.007229016243224541,clean,0.05408264295272486,0.05002063729548521,0.030106677107023902,0.04786014729041205,0.0,0.0,0.0,0.0,0.0,-3.00999999999998,-0.07077017605528936,0.0,0.0,0.0,0.0,-11.374538825442402,0.0,0.08117593787921779,0.0,0.0,0.0,0.0,0.0,-30.0,1000016
-45.214403030224915,0.5677749608993683,0.5712192964208029,0.075567819691457,-2.7589229131924853,-90.0,0.9033841943525434,0.5371405593514577,0.0,0.0,False,FAILED_TO_ACCELERATE,301,30.099999999998296,2,747758.3747365918,1335.1019200784237,4067.0000519857253,659.8806925653486,dry,0.9121999991505084,3.110074589376569,-9.631326629821693,0.8635646700227615,0.6770457575790776,3.5384811788080377,1002.6174414264185,0.9807226559413033,,,,,9.730125070772957,-0.16361508151373982,-0.02363594213620929,131.27240502678868,141.77419742893179,638112300,0.9973879255985663,0.0,0.00039252645981822357,clean,0.0006865042923840292,0.000749245594894793,0.0005510197392419348,0.0010347974688885715,0.0,0.0,0.0,0.0,0.0,-3.00999999999998,-0.010781432252612005,0.0,0.0,0.0,0.0,-12.198393393234017,0.0,0.0017502281663066416,0.0,0.0,0.0,0.0,0.0,-30.0,1000017
-41.383190332177335,2.4666189985285483,2.9909799056453856,0.081744073947756,-3.0632312045212045,-90.0,1.9595595683709657,0.4819059752480663,0.0,0.0,False,FAILED_TO_ACCELERATE,301,30.099999999998296,2,832212.148196052,1332.5123944097797,3986.757317499606,1569.4318161493882,dry,0.914145405221466,-1.3000433645702816,-9.088439678486093,0.1374146626626669,0.7530058682766186,1.5666380921215364,1019.7989039244416,0.9547951101213782,,,,,9.128704977611944,-0.1925272069845505,-0.0008289137078298925,136.85077487057453,147.7988368602205,814342290,0.949131317790224,0.0,0.08456419350457094,clean,0.7728019299705545,0.6049334167421874,0.5554343120243966,0.4811661732784005,0.0,0.0,0.0,0.0,0.0,-3.00999999999998,-0.20348299938383282,0.0,0.0,0.0,0.0,-11.012064432756365,0.0,0.42802126794732115,0.0,0.0,0.0,0.0,0.0,-30.0,1000018
-37.05517101865366,2.8094872217468145,4.107495928002875,0.12247711000951947,-3.065807624001232,-90.0,5.690230394619354,0.3662784224002726,0.0,0.0,False,FAILED_TO_ACCELERATE,301,30.099999999998296,2,770235.0777289614,1321.57362389743,3891.9839901261294,1319.9149560037727,dry,0.981939623457034,-1.9324185588349383,-10.723287257597931,1.356888774063456,0.2098903821404713,-6.571149093310055,1006.250132640604,0.9607218877197067,,,,,11.250729230096244,-0.19438671506827632,0.017691544977197493,130.66506072479842,141.1182655827823,2050718901,0.9148041180053521,0.12428861673669778,0.12257401659181275,clean,1.0190833101614687,0.796067190302365,0.39318096914030337,0.6764615740251343,0.0,0.0,0.0,0.0,0.0,-3.00999999999998,-0.2639843059107502,0.0,-0.30409954867791533,0.0,0.0,-6.858543008029652,0.0,0.8952192185863195,-0.0765294977620492,-0.3220269204888686,0.0,0.0,0.0,-30.0,1000019
331.84220871710676,4.321766150183412,14.489156767166673,3.5684165630887943,13.85768528347839,1.14563783928844,3.028599058748201,0.5333638831421184,1279.6814101701168,1.0,True,SUCCESS,774,77.40000000001385,2,688822.4226144209,1314.2618159168503,4111.5053191616025,1346.534769154613,wet,0.8574219282487153,11.263097483479113,-2.1150366998620242,1.4723523036439896,0.5160690821903553,-3.584217909966638,1001.3851602953567,0.924123478021675,49.3999999999972,1147.013703615999,72.50000000000995,72.40000000001385,161.4581382491437,1279.6814101701168,4138.812466044512,124.52174206876236,134.48348143426335,1666111015,0.621032851709577,0.2856036867047951,0.6275637829522529,clean,66.42983550863984,14.27407812159731,14.252717189455712,10.172670791492774,12.67532573215732,26.087334631917972,39.99999999999999,4.999999999999998,128.49999999999613,-7.739999999999879,-1.6062789884909197,-0.0015675872092857919,-1.3473164977928476e-06,0.0,-0.14875437719228174,-27.79319181139617,0.0,20.591452695542003,-41.56901284515589,-19.532667752436197,-0.7714650064761099,-0.13319399445525248,93.15492775643655,0.0,1000020
-45.01362023880624,2.0295782314252437,2.068067219971513,0.02270203194838249,-2.474706651282744,-90.0,1.3059208806507778,0.5526821272383757,0.0,0.0,False,FAILED_TO_ACCELERATE,301,30.099999999998296,2,666521.4008048889,1337.8491212151189,4000.102741959611,1572.713382684704,wet,0.8011298393530863,-0.11597315461511482,-5.070293543652623,0.0071299621276679215,0.7263474813574375,1.682284931035685,1020.8119745975074,0.9546803638952532,,,,,4.961880096871921,-0.15305294657150625,-0.17758256537505054,122.43577617850696,132.23063827278753,1222163688,0.9671913987746249,0.0,0.0068799512636305345,clean,0.042753770867026766,0.03625391967567964,0.030210525673743428,0.11532460799086734,0.0,0.0,0.0,0.0,0.0,-3.00999999999998,-0.13776394744889353,0.0,0.0,0.0,0.0,-12.12826643706353,0.0,0.03786732149885719,0.0,0.0,0.0,0.0,0.0,-30.0,1000021
-41.35931238656277,1.6786032194229623,1.6803272216790013,0.08866997485239068,-2.800200262415254,-90.0,2.0541221346961738,0.479028529998076,0.0,0.0,False,FAILED_TO_ACCELERATE,301,30.099999999998296,2,764995.9652780354,1335.8196713498567,4018.5439676963383,2346.0101461329846,wet,0.8752387471259542,10.17948381044287,-9.638148402318699,1.2802640501318014,0.675090841431822,-1.2707272469002513,1020.1234866261058,0.9325107727620905,,,,,14.063454509728937,-0.15099536846901174,-0.07786332331128869,130.54299485424932,140.98643444258926,1535650621,0.9775319525174565,0.0,0.0004559488005782202,clean,0.0006715948972920669,0.0006854726720685928,0.000486200496332946,0.0013865383503084275,0.0,0.0,0.0,0.0,0.0,-3.00999999999998,-0.0942367043605997,0.0,0.0,0.0,0.0,-8.259254597137272,0.0,0.000949108519091646,0.0,0.0,0.0,0.0,0.0,-30.0,1000022
-47.368696073489716,0.23017030087137477,0.23089168431315604,0.04177498693669813,-3.075771961184022,-90.0,0.931000239371551,0.6669719874990867,0.0,0.0,False,FAILED_TO_ACCELERATE,301,30.099999999998296,2,766496.4792201128,1320.2244367258197,4579.87370442406,1137.5464357236685,wet,0.8922039521137598,4.934184678575996,-6.754100459364636,1.3403025866242573,0.5513496026259577,0.9472849466393427,1010.1097584834337,0.9669024071449044,,,,,7.977571324791529,-0.19555805621189393,-0.0359557474795819,131.82372893468937,142.36962724946454,1419087310,0.9995685904698576,0.0,0.00029122165510702064,clean,0.0007472631770293954,0.0007992689911029635,0.0005803019796468045,0.0010348503810932168,0.0,0.0,0.0,0.0,0.0,-3.00999999999998,-0.0017718320653743306,0.0,0.0,0.0,0.0,-14.362062122970897,0.0,0.001976197017717046,0.0,0.0,0.0,0.0,0.0,-30.0,1000023
-174.81664278174793,12.403986161011076,27.81697459262505,37.06652519070812,10.813633073095072,5.292126201217133,14.792356901681247,0.5462566060469151,534.3501081601994,0.0,False,CRASH,1013,101.30000000003287,2,655037.6961995305,1334.3482185264124,3824.1186838238336,2010.380717501685,wet,0.8266882794547069,3.0912036962495826,0.6933681677075323,0.8136702635325193,0.828469767478315,3.2592048674858844,1010.8467889682262,0.94229874089298,35.99999999999796,1154.4402430744904,,,166.5845431426321,16.327527914260372,-3069.315827770199,122.3046302425428,132.08900066194624,144169914,0.0029447737560567345,0.6816748389913159,1.117761868987474,clean,117.18689167506281,8.578141296360695,15.700017571499023,10.919727275741396,27.54210046994551,21.010420481970176,0.653101116570395,0.0,0.0,-10.129999999999828,-17.317670891936377,-24.023272230546322,-6.2447981467803,0.0,-33.47008918667143,-36.78694334359563,0.0,9.232815708624965,-99.32213856456461,-48.78039740291737,-4.9644301249191525,-4.600118485590266,0.0,-100.0,1000024
-46.005085230790726,2.6922963414375833,2.6963060234152993,0.0737124233796516,-2.8501028378575883,-90.0,1.3798378368893867,0.6087293151605173,0.0,0.0,False,FAILED_TO_ACCELERATE,301,30.099999999998296,2,732063.2730783552,1326.8647241151568,4191.260990139144,141.99890580925523,dry,0.9622344668380276,6.200201058352574,-8.55628045741298,1.4812860011011935,0.6686021527473613,-4.581747688038748,1001.7743250158366,0.9954214458321551,,,,,11.910880104146074,-0.1702910144308305,0.07703153985133487,128.1205964298116,138.37024414419653,1026130777,0.9432461893727978,0.0,0.0004994346284801259,clean,0.0007046999949494655,0.0006306015913692431,0.0005859228394019924,0.002006073720782243,0.0,0.0,0.0,0.0,0.0,-3.00999999999998,-0.24242070406950858,0.0,0.0,0.0,0.0,-12.756935545886824,0.0,0.00034372101910952474,0.0,0.0,0.0,0.0,0.0,-30.0,1000025
-40.55648402163773,1.114223467984514,1.156055134820899,0.08804078046515035,-2.7230744310001427,-90.0,0.3000797836429891,0.4190907444998806,0.0,0.0,False,FAILED_TO_ACCELERATE,301,30.099999999998296,2,661753.3548260117,1320.3780153656132,4337.3223339394035,2019.493706725783,dry,0.9812274251373496,10.485231720097921,8.633373706048845,1.3341931058930756,0.7092642621598801,2.805599500551926,1010.0270788050275,0.9424188335465231,,,,,13.757693984927274,-0.15523741629181131,0.021320682241322553,122.88410598019132,132.71483445860665,242566780,0.989925270511078,0.0,0.019809442406413785,clean,0.06513610967053754,0.06218886476864289,0.04902286039791042,0.09437130151699916,0.0,0.0,0.0,0.0,0.0,-3.00999999999998,-0.041521074990982086,0.0,0.0,0.0,0.0,-7.894825247455402,0.0,0.11914316445456961,0.0,0.0,0.0,0.0,0.0,-30.0,1000026
-42.86454945309996,2.173082032337628,2.1760409692302365,0.07072819614394302,-2.667645252376173,-90.0,0.4384628036836993,0.4547910964568196,0.0,0.0,False,FAILED_TO_ACCELERATE,301,30.099999999998296,2,663782.7038993726,1324.489014475352,4375.72678792446,324.1822130977559,dry,0.9430619955007209,1.7586515424403362,6.28188711652842,1.5279821065080323,0.8480405621750908,-6.8027501712948775,1024.7217426020486,0.9899413898447206,,,,,6.401052283687518,-0.1641537928515504,-5.602955282686796e-05,120.15230720062215,129.76449177667192,1905761077,0.9626480194630667,0.0,0.00044749989986219823,clean,0.000681395180665021,0.0006344571567538897,0.0005704665284224448,0.0025955529997336545,0.0,0.0,0.0,0.0,0.0,-3.00999999999998,-0.15793421569998448,0.0,0.0,0.0,0.0,-9.701685181211383,0.0,0.0005880719458308854,0.0,0.0,0.0,0.0,0.0,-30.0,1000027
-34.23702157500387,0.580879108143355,0.5812271088453815,0.017667950798481612,-2.8192133145267007,-90.0,1.212929190535408,0.05377747126723973,0.0,0.0,False,FAILED_TO_ACCELERATE,301,30.099999999998296,2,712298.4403548246,1324.7701130032447,3846.5337624146578,1524.6562843431964,dry,0.9674616371957971,-0.32668278363639236,3.8653235837935886,0.12908639487353435,0.07014710973184146,-7.291928926950746,1017.110778487502,0.9546765695083409,,,,,3.7456471237395244,-0.1823913930757044,-0.008476418939514885,124.82199225924539,134.80775163998504,53609764,0.9972843544232575,0.0,8.901907405040388e-05,clean,0.0006902745803962767,0.0006815995770374018,0.0004885493607710132,0.00015848760699986646,0.0,0.0,0.0,0.0,0.0,-3.00999999999998,-0.011284842446833691,0.0,0.0,0.0,0.0,-1.2193430891707167,0.0,0.0015874454884690697,0.0,0.0,0.0,0.0,0.0,-30.0,1000028
-46.07555977310205,4.588430441662636,4.592807004965705,0.05232162773388484,-2.7340647696034495,-90.0,2.7907959974134426,0.5783799809804918,0.0,0.0,False,FAILED_TO_ACCELERATE,301,30.099999999998296,2,718169.3471164859,1331.2192901352341,3861.72518144623,169.73730012796477,dry,0.9978124965464923,14.165973463637911,-6.78561862703207,0.1703238645035976,0.9135015362067546,-0.4069459840678391,1012.0970007938378,0.9946769231384964,,,,,15.704782594703614,-0.14159072647478865,-0.007002740911420073,127.17612115266404,137.35021084487718,1396605761,0.8439595670682624,0.0,0.0002938001997028772,clean,0.0006302522866614165,0.0002767394594686805,0.00035313180772446285,0.0006682305405586907,0.0,0.0,0.0,0.0,0.0,-3.00999999999998,-0.7041290965900989,0.0,0.0,0.0,0.0,-12.36336732712724,0.0,8.296520901134523e-06,0.0,0.0,0.0,0.0,0.0,-30.0,1000029
-46.65093021270809,1.1653509198248562,1.1666707638350189,0.015625387529013424,-2.6134992158917356,-90.0,1.5704631475264694,0.6288204138329129,0.0,0.0,False,FAILED_TO_ACCELERATE,301,30.099999999998296,2,699001.1642634103,1335.0009324188636,4283.372419079778,1746.9168502584523,dry,0.940819500285588,2.4148539022518722,1.2933715823199963,1.5167323575927676,0.9251150659739151,8.865598984777215,1006.2432460196762,0.9510093371645125,,,,,4.0268574788052725,-0.15918012106817514,-0.012068031172331243,127.84327185941012,138.07073360816295,1204230406,0.9891158465071178,0.0,0.0015724557232466305,clean,0.0023433991342665206,0.0022569612878291113,0.0016207161778117947,0.015143860656289589,0.0,0.0,0.0,0.0,0.0,-3.00999999999998,-0.04541898585192534,0.0,0.0,0.0,0.0,-13.621121203176918,0.0,0.004245039064568762,0.0,0.0,0.0,0.0,0.0,-30.0,1000030
-44.25414866234697,1.1768327524346245,1.1777466426108885,0.07473765999803203,-3.1701462853032742,-90.0,0.9176726120036546,0.5502396031867625,0.0,0.0,False,FAILED_TO_ACCELERATE,301,30.099999999998296,2,838675.3102260912,1327.9326404780563,4294.968918611838,1246.357687792462,wet,0.8166558615768914,11.162931474578038,-9.21171696502244,1.088882014251723,0.3011672663381537,-1.0684263536996497,1000.3676288855106,0.9635789887942047,,,,,15.100152263609557,-0.18369402255370915,0.04432890577985883,138.0767513115069,149.12289141642748,457126891,0.988889405005533,0.0,0.0005200717028055316,clean,0.0007343093877241807,0.0007669336972386104,0.000587873013315334,0.0011939934839669375,0.0,0.0,0.0,0.0,0.0,-3.00999999999998,-0.046318392609784396,0.0,0.0,0.0,0.0,-11.202547167799885,0.0,0.0014337884804578158,0.0,0.0,0.0,0.0,0.0,-30.0,1000031
-47.208541819780265,0.8108665794199131,0.8119805591374841,0.0859869683746174,-2.5462017532855934,-90.0,1.4994089002669269,0.6489211059487938,0.0,0.0,False,FAILED_TO_ACCELERATE,301,30.099999999998296,2,646136.9809655453,1328.8210668095794,4566.893722173144,1886.739517666207,wet,0.8503327321563989,11.970999345433608,-9.740883702301032,0.86724692985978,0.3269668424059987,-4.626296941345739,1013.8380818118062,0.9447213979562022,,,,,15.564266289832174,-0.13268756317438601,0.10561947571163231,119.63919230949585,129.21032769425554,1358656450,0.9946970525377374,0.0,0.0004519456126443666,clean,0.0006195631835417714,0.0007091280913273739,0.00049912908857871,0.0015015663082132505,0.0,0.0,0.0,0.0,0.0,-3.00999999999998,-0.021989876388407253,0.0,0.0,0.0,0.0,-14.18142582526959,0.0,0.0015444952060934035,0.0,0.0,0.0,0.0,0.0,-30.0,1000032
-41.258721071776755,2.360514732009627,2.361550338303378,0.04632142168740429,-2.8462838704820554,-90.0,2.5107061895142304,0.4580191135208473,0.0,0.0,False,FAILED_TO_ACCELERATE,301,30.099999999998296,2,774619.7945002614,1334.7961526184222,4085.053627284663,430.8391330741884,dry,0.9490778745102082,6.716197971152194,6.588876579733652,0.7073358585717309,0.06852841656361774,4.701457068736321,1022.9991369751352,0.9873121809523527,,,,,9.971024497582613,-0.17212843102322495,0.0072847220368024174,132.53517121377817,143.13798491088042,1243835238,0.9560963434390499,0.0,0.0002558619264201153,clean,0.000716995286718287,0.000603386437738741,0.0004395772236368964,0.0006838964147160581,0.0,0.0,0.0,0.0,0.0,-3.00999999999998,-0.18635344109004204,0.0,0.0,0.0,0.0,-8.065279595709196,0.0,0.00046810965967812585,0.0,0.0,0.0,0.0,0.0,-30.0,1000033
-46.74340334591746,0.5182239602677866,0.5199625223816422,0.11046103504954345,-2.808161658214998,-90.0,0.4133582123891677,0.6590087287383751,0.0,0.0,False,FAILED_TO_ACCELERATE,301,30.099999999998296,2,679463.8993291126,1318.6259680821554,4369.733484425088,1160.59905614693,wet,0.8733225667725564,11.701530585081732,-11.221920175976301,1.0817939777402688,0.7396440896542368,1.8938697452207247,1024.8763810487026,0.9663430007264155,,,,,14.849009444447345,-0.15284020236526885,-0.13523925902875977,123.41844886291142,133.29192477194434,2095756150,0.9978065312079524,0.0,0.0012002296604700028,clean,0.011576910343606523,0.01146873157879792,0.008639420091272028,0.014184035332310043,0.0,0.0,0.0,0.0,0.0,-3.00999999999998,-0.008981708663520466,0.0,0.0,0.0,0.0,-13.79739024903532,0.0,0.027099514435424035,0.0,0.0,0.0,0.0,0.0,-30.0,1000034
-36.06925497709874,1.6898999137987059,1.6920036392382447,0.10597017256520626,-2.8837155361537095,-90.0,2.3544262375854004,0.20960540038142605,0.0,0.0,False,FAILED_TO_ACCELERATE,301,30.099999999998296,2,793556.1823188007,1335.7852384730734,4457.268502207419,162.41456190044718,dry,0.9717342923553355,8.589267785248738,8.129864507583397,1.0875697655449321,0.551842148202331,7.984002500709513,1010.9218982385574,0.9950562015715444,,,,,11.851483328396238,-0.16555533721646043,-0.04039593489010299,135.6984737691695,146.55435167070308,1998529746,0.9772226841236918,0.0,0.0005489311120455139,clean,0.0006778510878886118,0.0007286003377971413,0.000490983663105884,0.001372350025233937,0.0,0.0,0.0,0.0,0.0,-3.00999999999998,-0.09550936414619095,0.0,0.0,0.0,0.0,-2.9680156394289576,0.0,0.0010002413623845146,0.0,0.0,0.0,0.0,0.0,-30.0,1000035
-44.409716391832085,0.886279499867081,0.8865128297668309,0.0050251641276275434,-2.740950131370396,-90.0,1.6962659270184222,0.5569078870455952,0.0,0.0,False,FAILED_TO_ACCELERATE,301,30.099999999998296,2,743665.5968667059,1335.401982103887,4563.308082065547,1524.2458262703951,wet,0.8318703921473058,1.6033221615238298,-1.8711784480160816,0.9687909177866545,0.5896875959668475,1.5444993627504147,1001.9254043834278,0.9560517947514521,,,,,2.6046587506578867,-0.17029905670779044,7.491742847149322e-05,130.50948107300863,140.95023955884932,250211419,0.9936918882459215,0.0,4.6340344503446813e-05,clean,0.0006718858111081268,0.0006498732347916639,0.00044827713943057984,0.00012766625634611235,0.0,0.0,0.0,0.0,0.0,-3.00999999999998,-0.0262703218796975,0.0,0.0,0.0,0.0,-11.376721585413096,0.0,0.0013778130190457945,0.0,0.0,0.0,0.0,0.0,-30.0,1000036
-41.800384525667354,4.435790239403616,4.442350986479632,0.1209487347902654,-2.57721679978938,-90.0,1.7933036779181546,0.41466003464965995,0.0,0.0,False,FAILED_TO_ACCELERATE,301,30.099999999998296,2,689170.5051812648,1335.5451548734902,4191.178753935443,2402.132171194662,wet,0.8204808966369483,7.970122382359811,9.534510695073276,1.5946394823181378,0.7976968273992919,-7.057973953716376,1005.7242635036367,0.9295520789575785,,,,,14.53705318354567,-0.13973724146853783,0.11310566447645078,123.52331189958419,133.40517685155092,197216018,0.8533339605145669,0.0,0.0005904749307494471,clean,0.0006527575579340809,0.0003819093515573096,0.0005538789741866179,0.0029031183853716505,0.0,0.0,0.0,0.0,0.0,-3.00999999999998,-0.658060749938278,0.0,0.0,0.0,0.0,-8.136830715785738,0.0,1.527578762424442e-05,0.0,0.0,0.0,0.0,0.0,-30.0,1000037
-48.75364974693679,3.0259807238321796,3.725935230351764,0.034349006583602223,-3.0938014299929097,-90.0,2.285697216208935,0.7692305524879912,0.0,0.0,False,FAILED_TO_ACCELERATE,301,30.099999999998296,2,779096.5560389576,1321.506800674928,3910.380379632262,1494.6534327868173,dry,0.9889981065627707,14.552318362170453,-0.03422120697915698,1.988701775462987,0.151565481473395,0.4429436574652872,1004.4560299002839,0.9567298540910958,,,,,17.228681104552944,-0.17083642949432942,0.00011753415564808023,133.1600097763574,143.81281055846603,621450925,0.9219420298483902,0.047514847781900404,0.09369192799415567,clean,0.553763602649342,0.3679645705546919,0.37564296710574324,0.6320579434295784,0.0,0.0,0.0,0.0,0.0,-3.00999999999998,-0.3062360401824645,0.0,0.0,0.0,0.0,-17.31945966732053,0.0,0.11327044956810388,-5.8734423684487136e-05,-0.160594838317568,0.0,0.0,0.0,-30.0,1000038
-42.08212704411423,3.22285311457439,3.2265998888309926,0.08786159389089794,-2.8129222013028237,-90.0,0.17864002343392535,0.4353659855962988,0.0,0.0,False,FAILED_TO_ACCELERATE,301,30.099999999998296,2,722348.4042368222,1327.2018164094127,4126.843905714696,598.9750314123102,dry,0.9154008929021661,13.804044559525869,-9.351450755477725,1.9644332151227273,0.05392076972485771,2.2960183050661946,1021.2738507432181,0.9823758267696068,,,,,16.280025837356405,-0.1426069234513534,-0.17366236261363133,127.56623959554605,137.77153876318974,163669195,0.919691078290056,0.0,0.0005631925596094789,clean,0.0006458570090350685,0.0005489687077905259,0.0006231437722105335,0.0029227824375038275,0.0,0.0,0.0,0.0,0.0,-3.00999999999998,-0.34738016018163076,0.0,0.0,0.0,0.0,-8.729642432307468,0.0,0.00015479644831757847,0.0,0.0,0.0,0.0,0.0,-30.0,1000039
-44.90411784920563,2.5377081842150395,2.5395757552744405,0.021106315926829607,-2.5750866695233716,-90.0,1.5185526467608397,0.526974667643392,0.0,0.0,False,FAILED_TO_ACCELERATE,301,30.099999999998296,2,668768.0010170758,1331.5794234156992,4131.877273292821,2460.2831639314486,dry,0.915547975969845,9.340486196044823,2.6367501603275603,0.02111173925318366,0.6462151488317147,1.5797225905529277,1011.0497449697793,0.9299980974476719,,,,,9.317055886963752,-0.14823098217220831,-0.0022288990495691603,123.21080441171412,133.06766876465127,384049022,0.9494341268627084,0.0,0.0004616996849633713,clean,0.002280639480589173,0.0017618664062311461,0.0015599647291553891,0.0051209897349650535,0.0,0.0,0.0,0.0,0.0,-3.00999999999998,-0.2153809790330922,0.0,0.0,0.0,0.0,-11.690599904402182,0.0,0.0011395738787060533,0.0,0.0,0.0,0.0,0.0,-30.0,1000040
-47.46506563541722,3.271179201795941,3.2791252823045163,0.020864863367036093,-3.0551191448148964,-90.0,1.7363170422213143,0.6647151802003319,0.0,0.0,False,FAILED_TO_ACCELERATE,301,30.099999999998296,2,722729.3107128274,1312.559598133277,4432.192257500302,1996.9191481828805,wet,0.8300218746172842,1.2505126020426158,2.6999810046579977,1.79924089662182,0.15054786588975477,2.350672108138623,1018.555378496708,0.9429751781903536,,,,,4.6174334221027085,-0.2005083807164283,-0.03404192212227153,127.78205518014215,138.00461959455353,766235739,0.9173572414261948,0.0,0.05359760683634699,clean,0.1064353495777255,0.07035790214589659,0.07455137706152169,0.2552104813377684,0.0,0.0,0.0,0.0,0.0,-3.00999999999998,-0.35787606938321787,0.0,0.0,0.0,0.0,-14.622889056277634,0.0,0.019144380120732697,0.0,0.0,0.0,0.0,0.0,-30.0,1000041
-36.52080317094256,4.510019518871036,6.1458969212791885,0.06121457640076207,-2.5715390435530234,-90.0,5.1672863257006725,0.2831201393606919,0.0,0.0,False,FAILED_TO_ACCELERATE,301,30.099999999998296,2,667665.0582097134,1331.6310459454687,4388.193091819792,1844.9423660753062,wet,0.8098516073231915,10.57439723693375,6.221295580597047,0.8166508506270849,0.1428797393632557,6.977405014584978,1000.9036396464118,0.94799636924956,,,,,14.930545697432185,-0.13409173074683167,0.04275429755891569,124.87880859882017,134.8691132867258,419575447,0.8319701278216117,0.026991006298563432,0.2561123591402374,clean,0.9448897811260125,0.40288168070849883,0.5782743500151083,0.7297844870414318,0.0,0.0,0.0,0.0,0.0,-3.00999999999998,-0.6802692326933226,0.0,-0.04442417944962638,0.0,0.0,-5.332656698057558,0.0,0.018647370053864448,-0.11472084111220661,-0.013209888574757255,0.0,0.0,0.0,-30.0,1000042
-40.81736552638751,1.3309852788274097,1.3358759855393365,0.08879173979414096,-2.8165771459730746,-90.0,1.961760827967356,0.3984704919299678,0.0,0.0,False,FAILED_TO_ACCELERATE,301,30.099999999998296,2,678423.7871079146,1317.7862698977617,4320.911889876348,724.6543044610645,dry,0.9691781100351711,3.2709252358097416,9.14134604879513,1.6207937829972072,0.5604023048728686,10.699097413509524,1022.0826857137279,0.979373927519511,,,,,9.471493235748563,-0.17318965261392805,0.017476806102733295,125.35286927753425,135.381098819737,1150466478,0.985797033101147,0.0,0.0030888198795901113,clean,0.006858989613766441,0.006448930844223153,0.004468107503353288,0.01306881741446088,0.0,0.0,0.0,0.0,0.0,-3.00999999999998,-0.05924756283878203,0.0,0.0,0.0,0.0,-7.790064539709672,0.0,0.011101730785126985,0.0,0.0,0.0,0.0,0.0,-30.0,1000043
-45.94548366240828,3.5662553807949116,3.5673007472438787,0.03969038841054261,-2.9044041315765137,-90.0,0.5575517484931405,0.5985655199121663,0.0,0.0,False,FAILED_TO_ACCELERATE,301,30.099999999998296,2,732743.7512213518,1323.7030228829979,4293.830263780677,222.08669166317114,wet,0.8067951857604865,6.489824800102086,-4.946960896637474,1.469053087208762,0.6722097721507955,5.748464890432302,1010.3234095183416,0.9932961338945014,,,,,10.901930136404639,-0.17865572834080012,0.08711408115858166,129.94072927074458,140.33598761240415,1968005468,0.9026104544921124,0.0,0.00022059543720516007,clean,0.0007170598233147979,0.0004578818253470904,0.0005641961869599297,0.000929965128172423,0.0,0.0,0.0,0.0,0.0,-3.00999999999998,-0.4253523788617384,0.0,0.0,0.0,0.0,-12.512879549184328,0.0,7.916267400370319e-05,0.0,0.0,0.0,0.0,0.0,-30.0,1000044
69.27005830876433,7.203425902561093,15.194072120497113,7.227853384569842,20.38846731705455,3.0712230290636113,7.1766107617991715,0.6096480305086114,2674.951014901732,0.13966480446927373,False,UNCLEAN_TAKEOFF,994,99.40000000003135,2,620192.2546106398,1330.3749206014566,4445.455063843909,2481.77537113304,wet,0.8742347679420187,10.882456603944224,2.4166124852559787,0.9421627802486716,0.8848517310609214,4.984560361471223,1005.136598891654,0.8595698586726848,32.09999999999818,919.9475648744552,63.700000000002944,,147.0834986978497,2674.951014901732,1753.10592503579,119.69745736514142,129.27325395435273,886957890,0.41405477086927084,0.36646795825697137,0.7405362308430058,clean,108.6908342022321,13.758990679862318,18.6721704434849,9.619149600047656,26.10984676752113,64.52602561969546,40.000000000000014,4.999999999999998,0.0,-9.939999999999833,-5.730889851698429,-0.607282237162059,-0.827942942162008,0.0,-6.633716145883436,-41.942679440338594,0.0,15.130937013399326,-99.4550197518604,-35.12322564093717,-1.4230353427751392,-0.5541046646595496,0.0,-30.0,1000045
-42.56291907795407,1.237219655117196,1.241004863920577,0.09102297419307735,-3.305179207235774,-90.0,1.1502394651029009,0.5070521401804547,0.0,0.0,False,FAILED_TO_ACCELERATE,301,30.099999999998296,2,798767.1644921036,1313.5238808721315,3992.637362493291,465.8253453337424,dry,0.9875797486053088,13.589419028332806,-10.454234009122898,0.9612541510128676,0.2849543803077764,0.5868655754907657,1013.3975239973911,0.9861323540617264,,,,,18.697129054077465,-0.18612726668226287,0.08294893117481797,134.2678666055778,145.00929593402404,1063092397,0.9877142188790604,0.0,0.0005899002890307074,clean,0.0007377283072923997,0.0007992073063487502,0.0006045810811921193,0.0014926128849628232,0.0,0.0,0.0,0.0,0.0,-3.00999999999998,-0.05119382833083356,0.0,0.0,0.0,0.0,-9.506807535423071,0.0,0.001448156220050895,0.0,0.0,0.0,0.0,0.0,-30.0,1000046
-40.179638670132896,4.371806103450134,4.3742234788347885,0.031564380242169156,-2.949237863200105,-90.0,2.485057008060156,0.3423789459737563,0.0,0.0,False,FAILED_TO_ACCELERATE,301,30.099999999998296,2,709554.4762737866,1316.1488621140174,4462.7921246167225,1053.0484651194108,dry,0.9937763574917544,7.561348218997864,4.178131659568665,0.8039947864551056,0.8849620853505489,1.4828092595101658,1017.7491770924853,0.9693591484144151,,,,,8.781608755832288,-0.18398519600077634,-0.01830656173751289,126.47280701638432,136.59063157769506,33590794,0.8572811876520213,0.0,0.002566209514223907,clean,0.005865507685174124,0.002745465609984585,0.0034658195609815054,0.02903963887466614,0.0,0.0,0.0,0.0,0.0,-3.00999999999998,-0.6392132522728128,0.0,0.0,0.0,0.0,-6.571666190499508,0.0,0.00012434090862313926,0.0,0.0,0.0,0.0,0.0,-30.0,1000047
-44.79259034773709,3.5370620762507836,3.847767274849583,0.04654101201127744,-3.1840149070771218,-90.0,2.786415670019824,0.5344253132905677,0.0,0.0,False,FAILED_TO_ACCELERATE,301,30.099999999998296,2,779692.4801675251,1316.4875091240533,3836.474931863508,469.01220389611086,dry,0.9176617069543462,-0.05109887000396851,-6.719141987355129,0.5076427614443648,0.5569826256521242,-5.7477510695855685,1020.6643147139906,0.9857343722308994,,,,,5.918360483602514,-0.2124077223245422,0.02349435116198298,130.72392226506255,141.18183604626756,1561966117,0.9018235715823726,0.0,0.021443830097036546,clean,0.273580148299151,0.16478413494735764,0.1592378692812216,0.2641066916856811,0.0,0.0,0.0,0.0,0.0,-3.00999999999998,-0.41841702750074433,0.0,0.0,0.0,0.0,-12.255487199840852,0.0,0.029605035391079105,0.0,0.0,0.0,0.0,0.0,-30.0,1000048
-39.44205564292858,0.34768296414290434,0.3485860104500696,0.10099155043147788,-3.1308309024880767,-90.0,0.8814712897644454,0.32262736086961574,0.0,0.0,False,FAILED_TO_ACCELERATE,301,30.099999999998296,2,836559.3739238844,1329.698278806134,4433.8873020611345,1587.1828947726174,dry,0.9845427121405302,10.312318632695787,9.202854900294891,0.3400113952235617,0.5810625391489509,-2.800560001421042,1016.5088852334836,0.9536076568183399,,,,,14.063895473770463,-0.18438950029008083,0.013554159022531799,136.3898635555272,147.30105263996938,1117555178,0.9990005196593912,0.0,0.0005509626039375706,clean,0.0007489195790710569,0.0007784333619915905,0.0005688357055723072,0.00034388373381904954,0.0,0.0,0.0,0.0,0.0,-3.00999999999998,-0.00404287961223489,0.0,0.0,0.0,0.0,-6.43235049306417,0.0,0.001897657367379235,0.0,0.0,0.0,0.0,0.0,-30.0,1000049
