condition,bin,episodes,success_rate
mass_lbs,"(-0.001, 600000.0]",18,1.0
mass_lbs,"(600000.0, 700000.0]",50,0.96
mass_lbs,"(700000.0, 800000.0]",59,0.9152542372881356
mass_lbs,"(800000.0, 900000.0]",47,0.9148936170212766
mass_lbs,"(900000.0, 1100000.0]",26,0.8461538461538461
crosswind_kt,"(-100.001, -20.0]",14,0.5
crosswind_kt,"(-20.0, -10.0]",45,1.0
crosswind_kt,"(-10.0, 10.0]",75,1.0
crosswind_kt,"(10.0, 20.0]",52,1.0
crosswind_kt,"(20.0, 100.0]",14,0.42857142857142855
headwind_kt,"(-100.001, 0.0]",42,0.9523809523809523
headwind_kt,"(0.0, 10.0]",54,0.9074074074074074
headwind_kt,"(10.0, 20.0]",50,0.94
headwind_kt,"(20.0, 100.0]",54,0.9074074074074074
runway_length_m,"(-0.001, 3200.0]",23,0.8695652173913043
runway_length_m,"(3200.0, 3800.0]",75,0.9733333333333334
runway_length_m,"(3800.0, 4400.0]",81,0.8888888888888888
runway_length_m,"(4400.0, 10000.0]",21,0.9523809523809523
runway_elevation_ft,"(-1000.001, 1000.0]",29,0.9310344827586207
runway_elevation_ft,"(1000.0, 3000.0]",78,0.9487179487179487
runway_elevation_ft,"(3000.0, 5000.0]",62,0.9516129032258065
runway_elevation_ft,"(5000.0, 20000.0]",31,0.8064516129032258
static_friction_factor,"(-0.001, 0.5]",26,0.8846153846153846
static_friction_factor,"(0.5, 0.7]",55,0.9636363636363636
static_friction_factor,"(0.7, 0.9]",77,0.922077922077922
static_friction_factor,"(0.9, 1.01]",42,0.9047619047619048
delta_isa_c,"(-100.001, -10.0]",35,0.8857142857142857
delta_isa_c,"(-10.0, 10.0]",90,0.9666666666666667
delta_isa_c,"(10.0, 20.0]",42,0.9285714285714286
delta_isa_c,"(20.0, 100.0]",33,0.8484848484848485
cg_x_in,"(-0.001, 1300.0]",20,0.85
cg_x_in,"(1300.0, 1320.0]",62,0.9193548387096774
cg_x_in,"(1320.0, 1340.0]",70,0.9571428571428572
cg_x_in,"(1340.0, 1400.0]",48,0.9166666666666666
turbulence_severity,"(-1.001, 0.01]",1,1.0
turbulence_severity,"(0.01, 1.0]",79,0.9493670886075949
turbulence_severity,"(1.0, 2.0]",88,0.9545454545454546
turbulence_severity,"(2.0, 10.0]",32,0.78125
