total_reward,centerline_rms_m,centerline_max_m,max_roll_deg,max_pitch_deg,max_alpha_deg,max_heading_error_deg,control_roughness,max_agl_ft,stabilization_fraction_after_100ft,success,reason,transitions,duration_s,level,mass_lbs,cg_x_in,runway_length_m,runway_elevation_ft,runway_surface,static_friction_factor,headwind_kt,crosswind_kt,gust_sigma_kt,turbulence_severity,delta_isa_c,qnh_hpa,density_ratio,liftoff_time_s,runway_distance_used_m,time_to_100ft_s,takeoff_time_s,final_airspeed_kt,final_agl_ft,final_vs_fpm,vs_est_kt,vr_est_kt,seed,rc_progress,rc_centerline,rc_heading,rc_acceleration,rc_rotation,rc_climb,rc_altitude_progress,rc_stability,rc_success_bonus,rc_time_penalty,rc_lateral_penalty,rc_roll_penalty,rc_heading_penalty,rc_aoa_penalty,rc_sideslip_penalty,rc_control_oscillation_penalty,rc_premature_rotation_penalty,rc_failure_penalty,eval_seed
-6.820075794627257,22.789383853741004,151.610857237636,61.420175811525105,7.8151396108060665,7.81511961610034,44.874665071698615,0.44946635017792375,387.75622218489616,0.12751677852348994,False,LOSS_OF_CONTROL,600,60.0,1,737700.4104618877,1331.0377910719644,4565.367965972672,116.47413886484136,dry,0.9636997634468818,1.4805145792681413,2.0770675180145775,0.0,0.0,-0.28442007423212434,1011.1372194415532,0.9859545196989857,39.29999999999777,1646.3353792804965,45.19999999999744,,187.22107879402293,353.55858160659125,45.877406145341055,128.98244970355853,139.3010456798432,1453380691,67.466669158006,5.489406619478047,10.53990385746858,10.921098057316987,9.0357916180707,11.42963856034816,30.0,1.9000000000000006,0.0,-5.9999999999999165,-16.127285694992036,-21.74480654477705,-7.191054431915814,0.0,-4.490973559522701,-18.048463434108175,0.0,-80.0,1000000
-17.640695840309768,20.7421004897258,128.83397402677616,60.836384126503546,7.50566274596974,6.428329376826865,40.505964792644114,0.41176442660982593,360.9680154548709,0.02702702702702703,False,LOSS_OF_CONTROL,525,52.49999999999702,1,695946.5299132618,1331.2220163921882,4210.2773226425015,70.83285319861687,dry,0.9653910036971531,3.34749133993064,-1.6995959479461953,0.0,0.0,-2.6405475389041237,1010.1056603238318,0.9871773116497244,35.79999999999797,1419.264931010695,41.49999999999765,,179.00371061596093,352.7686109622913,-264.3401953751223,124.82902179927278,134.81534354321462,998109225,55.50476767854732,5.207609833253675,8.912196298794559,9.810923020747857,8.835342765842352,10.51030637721561,30.0,0.30000000000000004,0.0,-5.2499999999999325,-14.376499459344286,-20.411422498478654,-7.043358514828318,0.0,-5.407964920378778,-14.232596421681238,0.0,-80.0,1000001
-75.49344865524543,33.04486747430097,86.82967157451547,60.34435421837573,21.122493693908446,7.050800711646667,40.65366023459508,0.5127324709525476,303.82443432116065,0.0,False,LOSS_OF_CONTROL,520,51.99999999999705,1,678257.2209836604,1326.9119994044165,4438.703879530252,280.4847122677312,dry,0.9533893706068116,2.0392623731504216,-2.329776159700441,0.0,0.0,-2.4409274030783683,1015.6913048340888,0.9825010446067728,32.19999999999818,1164.4057021070441,46.89999999999734,,148.32741030109437,303.82443432116065,1882.607584801931,122.9360199449169,132.77090154051027,1575982921,52.309929634333194,5.790693277561487,9.254359447215789,9.3456069895631,5.453748671708621,9.78546842450361,29.999999999999993,0.0,0.0,-5.199999999999934,-43.939185853135136,-35.27467195856091,-6.497909153681949,0.0,-7.992423266012626,-18.5290648687405,0.0,-80.0,1000002
-14.216515077873112,19.01552608207476,57.24301749281545,60.01132729143254,10.960470562827595,2.7079289243133484,24.89365402845235,0.5552126728651817,469.98398729121493,0.0896551724137931,False,LOSS_OF_CONTROL,608,60.80000000000064,1,733682.3413547017,1326.457459092545,4332.103868073388,254.9356032514642,dry,0.9574821701644477,3.0301694145004676,-2.239899843600968,0.0,0.0,0.7817833545395292,1014.0610884840307,0.9786604907306341,39.99999999999773,1694.7522383516095,46.39999999999737,,173.32277775806608,469.98398729121493,1626.1543012610782,128.68277576051736,138.97739782135875,181836731,67.89590654899378,5.760703833435679,12.965755289300445,11.119738308778585,6.393522160050448,15.33148337739754,29.999999999999996,1.3,0.0,-6.079999999999915,-24.42742901825156,-26.90506271044255,-2.7495496755757527,0.0,-1.2325254890815143,-23.58905770247826,0.0,-80.0,1000003
-0.37682501287430625,14.32718761329334,94.06362763023034,60.14885399869528,7.2143540248076325,5.48442421525735,36.41948289014628,0.4985113695703132,372.77831244552317,0.16083916083916083,False,LOSS_OF_CONTROL,588,58.799999999999045,1,728959.5999514023,1328.8050101537956,4567.136489601352,141.6290728412395,dry,0.9678355480125423,2.8735141096726133,0.7025072961452223,0.0,0.0,1.5983132404079363,1015.7158670068226,0.9859595676256343,38.49999999999782,1589.031962835076,44.59999999999747,,186.7030129195471,330.99799070926554,-902.5507866283,128.34438014749395,138.61193055929348,730354876,65.46927923472106,5.804272140991603,10.578020983487637,10.76829021907366,8.310040759952505,11.556741641320366,29.999999999999996,2.3000000000000007,0.0,-5.879999999999919,-11.058896643951407,-19.327073311820413,-4.929232725646841,0.0,-4.092405936498965,-19.875861374503568,0.0,-80.0,1000004
-25.975643412381288,28.68364426699307,94.59700409157008,60.68693446388322,21.70197557117178,4.728990595633214,23.645920788212546,0.5294625685990226,463.69953215789934,0.02702702702702703,False,LOSS_OF_CONTROL,652,65.20000000000414,1,755405.1155209874,1323.1111938779143,4213.090033415683,445.7609972935857,dry,0.9712624814801917,0.8685132068265906,-0.5327202740377475,0.0,0.0,2.643378631841614,1012.1232480694462,0.973557982469105,44.49999999999748,1974.1146514469765,50.49999999999714,,171.12477978148326,463.69953215789934,3422.302875494369,131.1192040982691,141.60874042613065,1476772470,75.6407864478948,8.388431974607428,13.896465257659667,12.125687534308527,4.98403595018668,13.72855337896626,30.0,0.4,0.0,-6.519999999999905,-36.400175215564936,-31.405162389487746,-2.398641023012685,0.0,-4.638578115030784,-23.77704721290837,0.0,-80.0,1000005
5.439956994726103,10.507006828945766,60.016723993197715,60.52442374521897,7.072599291235295,3.4338860591077425,28.54746595940555,0.5223410247728748,399.190873547431,0.20610687022900764,False,LOSS_OF_CONTROL,580,57.99999999999841,1,735737.8203598094,1331.1660119082294,4238.955074882178,86.66447154638601,dry,0.9936508503167536,2.4884871828192745,3.5718975347149815,0.0,0.0,-2.0200834556281713,1015.0299522961723,0.9860135243819682,39.19999999999778,1632.3171366005029,44.99999999999745,,184.44957989043002,377.92776771273,-960.5792220837297,128.1753561970436,138.4293846928071,1842279788,64.03757481753725,5.575619361065593,11.196973794082863,10.728514985474137,8.199006514379148,11.967037856888831,30.0,2.700000000000001,0.0,-5.799999999999921,-7.114262721462425,-17.357637061174998,-3.506121455102552,0.0,-4.303900633674287,-20.882848463287445,0.0,-80.0,1000006
-9.985997820823243,14.676652553232627,85.11051274812381,60.33561208924545,6.54903299270241,4.506980768896559,33.62231986560911,0.4663853049638188,356.22710593347506,0.0,False,LOSS_OF_CONTROL,552,55.19999999999687,1,714199.3983891838,1329.3764068018086,4697.714074778364,453.4209215141294,dry,0.9894152836716572,3.2463395337292633,3.9991723266771637,0.0,0.0,-2.4939327816885113,1015.8347457294543,0.97659513098503,37.29999999999789,1531.511178163353,43.299999999997546,,181.31898250826686,334.29815257542464,-866.0175411347116,126.1306755711304,136.22112961682083,2140195729,59.7284449820416,5.116631162226013,9.708752816389472,10.21849363158083,7.858756714663108,11.151159710859082,30.000000000000004,0.0,0.0,-5.519999999999927,-11.862595298488715,-18.28658131423955,-5.216652053965659,0.0,-5.748459123159568,-17.133949048730017,0.0,-80.0,1000007
-33.41997504891446,25.39741167406217,78.5622659994073,60.4890631352435,17.22472428587746,5.465698596541908,29.97060324242863,0.5283090496458684,388.76786883741477,0.0,False,LOSS_OF_CONTROL,623,62.30000000000183,1,749919.1933816372,1323.76913923946,4706.775990110074,29.33010903533706,dry,0.9883231627727714,6.716715115879903,-2.32159091678979,0.0,0.0,2.857248738721622,1011.6726804389401,0.9875881376118161,40.89999999999768,1732.7247796798601,47.5999999999973,,165.62127423325293,388.76786883741477,2063.8128601882645,130.7193603544268,141.17690918278097,1986273948,69.43380968272702,6.49467612348368,13.04710413497641,11.547515284206494,5.425846656903739,13.318759830111656,29.999999999999996,0.0,0.0,-6.229999999999912,-35.36255651339075,-31.431558873839833,-3.7148625822893298,0.0,-3.2032396130911858,-22.7454691787123,0.0,-80.0,1000008
-1.8299849246694748,13.460095291994861,33.815281848911184,60.13302732964827,6.305019327468674,3.336165535838211,27.20050016739644,0.4975081953331022,355.8142130230346,0.152,False,LOSS_OF_CONTROL,554,55.39999999999686,1,702933.1795641319,1327.6138327784276,4275.087522713771,16.95001350322739,dry,0.9886738953107341,1.2727788724547047,1.8637194846919591,0.0,0.0,2.7976493148837323,1013.5273810037467,0.9889117496046921,36.89999999999791,1492.7982011877166,42.99999999999756,,176.23165043026344,354.48759209675023,-216.24222498325136,126.42922978437942,136.5435681671298,1458592668,59.92090000832932,5.848245948715442,10.588654506856589,10.278687749530679,7.331001129682246,11.582148312723696,29.999999999999996,1.9000000000000006,0.0,-5.539999999999926,-11.152276395483167,-17.915378163926693,-2.7089265163434124,0.0,-3.2092555866767665,-18.75378591807731,0.0,-80.0,1000009
-6.8122405177102365,15.32123358119294,52.74292939565242,60.29524975778724,6.215783367637366,2.315731356893027,29.947471118596035,0.5141521692622744,372.5643123643342,0.1417910447761194,False,LOSS_OF_CONTROL,573,57.29999999999785,1,714521.2996575419,1326.3358969923304,4748.490936808621,165.29567388418153,dry,0.964798174663436,5.596174547210507,-0.10252795950763582,0.0,0.0,4.1987356460812855,1011.2959751772338,0.984216867781398,37.699999999997864,1541.69568941414,43.999999999997506,,174.35677196788438,372.5643123643342,390.88685947372284,127.91452059786658,138.14768224569593,1814746022,62.51592959345683,6.201155926591551,11.293174151843932,10.697106545239619,6.990894692239008,12.90321675052377,29.999999999999993,1.9000000000000006,0.0,-5.729999999999922,-14.945125967949854,-22.709630098302597,-3.5669630893753133,0.0,-2.2085187907362047,-20.153480231240952,0.0,-80.0,1000010
-39.20881506587209,28.490180293835675,87.92009320322606,60.83532765320209,20.029161866748844,5.649811898710436,28.472258241139002,0.5364271193050425,424.4933082078369,0.0,False,LOSS_OF_CONTROL,617,61.70000000000135,1,750388.3225224866,1323.9926350412381,4698.130467926884,294.7391347111956,dry,0.9709118468437821,3.720598821661106,-3.1002786505114943,0.0,0.0,-0.8674627755015836,1014.6257183956368,0.9787025178729183,40.699999999997694,1736.454721237389,47.29999999999732,,163.92780246257405,424.4933082078369,2512.6854874249866,129.73151844168643,140.11003991702137,1077289349,68.77548588039063,6.007736835048506,12.884984604780792,11.30344374098783,5.487979946926159,13.505731977501545,30.0,0.0,0.0,-6.169999999999913,-38.08064829667714,-31.971053409225238,-3.3224797627602705,0.0,-4.639804998797723,-22.990191584047153,0.0,-80.0,1000011
-18.72824844382115,19.543909018244594,52.862892859734195,60.15880082660078,9.041718952919194,1.4119772081068618,24.776112354722002,0.5270459442226978,449.3195430990322,0.10144927536231885,False,LOSS_OF_CONTROL,558,55.799999999996835,1,691594.9530029965,1324.7029728013913,4450.365500597658,41.64239330689301,dry,0.9855345107555974,4.039314241383227,0.8016705141844804,0.0,0.0,2.3892110837131373,1011.8573950809194,0.9854725525167851,35.79999999999797,1438.432443997399,42.099999999997614,,170.24852790371955,449.3195430990322,1109.0507201371736,125.42075658970006,135.45441711687607,1202598573,60.503168796935256,6.400229443970703,11.41883408143532,10.010189796619064,6.129977047236492,15.30251690252998,29.999999999999993,1.4000000000000001,0.0,-5.5799999999999255,-23.681791542232205,-25.609391164041647,-2.7724215405208015,0.0,-1.9316785271225514,-20.31788173863084,0.0,-80.0,1000012
0.7418138672527022,13.289462316592981,36.81280374920177,60.71411579157131,6.871981175633573,3.7474798236565463,28.81021050174393,0.5451874441125484,349.8201116789116,0.23308270676691728,False,LOSS_OF_CONTROL,595,59.4999999999996,1,747416.6445118012,1327.9013314531437,4740.766295543692,11.588625665522434,dry,0.9791548605369833,3.7810326925770372,2.0418766467853837,0.0,0.0,2.677915545954373,1013.6419634670234,0.9892287282975673,40.09999999999773,1676.3696449797635,46.299999999997375,,179.0094741438054,349.5406793115157,-112.67791470858809,130.33406007185837,140.76078487760705,1469563401,65.721526637585,4.625776929675951,12.24470768302471,11.311877243960788,7.784718901549533,11.306800712268844,30.000000000000007,3.1000000000000014,0.0,-5.949999999999918,-11.675870683907362,-20.234247459914897,-2.9211381316024716,0.0,-2.036224314943902,-22.5361136504435,0.0,-80.0,1000013
8.390702813084289,10.189549979317432,47.70369467868804,60.487138987119515,6.895092948222785,3.125608600572788,26.672310459861436,0.5144992251750897,394.4782159786654,0.1984126984126984,False,LOSS_OF_CONTROL,587,58.699999999998965,1,742332.2634713073,1331.2797751093838,4363.884259933376,250.99469147777563,dry,0.9591102992419932,1.4935821895671522,-0.31611420901936826,0.0,0.0,-1.4426219106538403,1012.3484732480193,0.9812677325570857,40.39999999999771,1703.572009319609,46.19999999999738,,182.88117587620516,378.33308997268955,-861.3722323974026,129.04891986541554,139.3728334546488,1040438435,65.06837195349185,5.997907783322712,11.384839888009475,11.033596119405399,8.070933388810634,11.866602927630032,30.000000000000007,2.500000000000001,0.0,-5.869999999999919,-6.771823021605735,-16.59367261004809,-3.128732789336041,0.0,-4.4517693242842284,-20.715551502311776,0.0,-80.0,1000014
-11.253901304578093,18.72805430611917,57.695236826801626,60.9485978110012,11.183955220906007,3.2445226248023977,25.76929916413828,0.5516641310736513,464.29769856351845,0.10135135135135136,False,LOSS_OF_CONTROL,626,62.60000000000207,1,763735.1778715841,1326.9450248475,4470.513774251919,91.94059697222545,dry,0.9602407354537494,2.7608615480483634,-2.9777837384765533,0.0,0.0,-2.612255328548261,1011.232053665479,0.983319657022986,41.59999999999764,1761.2213320916521,47.899999999997284,,175.44909765511562,464.29769856351845,1569.2885504486492,130.70088654573027,141.15695746938871,1794944360,70.38471829505636,6.053980280601127,13.459892842661143,11.579178645915968,6.358765662054685,15.312193356600085,30.0,1.5000000000000002,0.0,-6.259999999999911,-24.395916814020648,-27.31445758218127,-2.921471829840246,0.0,-0.9891819504322519,-24.02160221099304,0.0,-80.0,1000015
5.877728272341116,10.486132509844547,57.36498138877572,60.31205968366382,6.851813312260951,2.833726056197079,27.039627620980934,0.5111421227112579,401.7741773846176,0.16,False,LOSS_OF_CONTROL,580,57.99999999999841,1,725694.5556593337,1331.5855367040424,4317.099655908189,487.6116434417939,dry,0.9609681329575244,7.41082887534324,-2.1911434886468846,0.0,0.0,1.1269616096964032,1015.9519307886393,0.9744728204719214,39.89999999999774,1689.070870583436,45.599999999997415,,182.431543865348,384.7206255682479,-912.8688183980414,127.93755987643306,138.17256466654771,1061664524,64.37695376678663,5.557171898413507,11.034985460701865,10.839496242083607,8.022402191489125,11.898348719059785,29.999999999999996,2.0000000000000004,0.0,-5.799999999999921,-7.086245056458981,-16.332385359024187,-3.467874881831984,0.0,-4.829282376530735,-20.335842332347546,0.0,-80.0,1000016
-47.337536901883084,28.584083081958845,79.36173638746482,60.715195827872634,18.616719954763724,4.8473920511776605,28.177152511951153,0.5244746351213879,470.32002820702036,0.0,False,LOSS_OF_CONTROL,564,56.399999999997135,1,696120.9014173095,1324.6067337935835,4657.7544812394135,223.03679847025626,dry,0.9780499997876271,0.8375812564539107,-3.080006939878875,0.0,0.0,-2.953218504755645,1013.4615443536425,0.9792935361817071,35.59999999999798,1427.2749314211499,42.099999999997614,,158.75315735539837,470.32002820702036,2288.1738374248835,124.56952176206549,134.53508350303073,638112300,60.746817762199136,6.632775780302239,10.988149914032416,9.766867692609113,5.347785255910053,13.637494384858035,30.0,0.0,0.0,-5.639999999999924,-40.35092574447411,-30.619286666037457,-3.906920261363281,0.0,-3.30141902065524,-20.638875999263874,0.0,-80.0,1000017
-4.956142090726416,17.085268994383267,51.95443857019706,60.42455200306328,9.750060228591956,2.6078618840800822,24.524283082229594,0.5369976551378539,478.99327200745535,0.1773049645390071,False,LOSS_OF_CONTROL,603,60.30000000000024,1,731706.4425373599,1327.6634062138583,4260.713530575285,95.93152630771806,dry,0.9785363513053664,6.335649255821291,2.734820264210743,0.0,0.0,3.911792749889546,1012.8699914276365,0.9831483569117907,40.09999999999773,1710.544038416892,46.299999999997375,,173.19969960660478,478.99327200745535,1397.8543105461515,129.27952502383422,139.62188702574096,814342290,67.491325058665,5.631580294632565,13.277431407763537,11.162451124518842,6.395277424879842,15.872767333883765,29.999999999999996,2.500000000000001,0.0,-6.029999999999916,-19.55772991289908,-25.41215219786988,-2.611578634543863,0.0,-1.1177456258317955,-22.55776836392527,0.0,-80.0,1000018
-16.506337724076744,27.292844313108805,171.54066240412607,61.20690138922471,7.275754300366284,8.219362974602634,46.613043347365576,0.4291776807814683,359.4891147368567,0.029411764705882353,False,LOSS_OF_CONTROL,579,57.89999999999833,1,721918.4204708106,1330.125100653349,4709.0836552493365,353.43697827536187,dry,0.9954849058642585,2.0000424449932845,-1.2766595074125169,0.0,0.0,2.1146875775239344,1010.428655272007,0.979096081678401,38.399999999997824,1577.9758663126688,44.39999999999748,,180.4679154843143,359.4891147368567,1044.027336649377,128.17080858010718,138.42447326651575,2050718901,63.877789994846836,5.830550850450094,9.769775499870562,10.764561871998286,8.696746054197632,11.55472174765198,30.000000000000004,0.4,0.0,-5.789999999999921,-18.788938972521436,-22.701483803526493,-8.533921239177584,0.0,-4.806212124907706,-16.779927602959027,0.0,-80.0,1000019
227.53136232665753,7.551098135742141,17.406718125378312,7.161286305821579,7.217942803565039,0.7657644016108228,5.251765462587492,0.5545120214970019,291.8490047562153,1.0,True,SUCCESS,499,49.89999999999717,1,723168.6870683648,1328.285070146367,4635.09441837137,397.67537716139594,dry,0.9643554820621788,0.44325129451416956,-0.30596474587174427,0.0,0.0,2.519488094462015,1011.32473462701,0.9797995424221339,38.899999999997796,1609.3845271297962,44.99999999999745,44.89999999999717,161.26507262104536,291.8490047562153,1966.0005247360489,128.31428314949048,138.57942580144973,1666111015,49.589780781259414,5.404714207807447,10.544252916503986,10.961779578085592,8.107668603141361,8.472998750641443,29.999999999999996,4.999999999999998,129.2083333333345,-4.989999999999938,-3.1613913827498457,-0.8114824593512554,-0.08027317620839616,0.0,-1.2974137524196345,-19.41760507338724,0.0,0.0,1000020
10.96080729103383,10.464513545706989,34.97413740457846,60.265321624314744,6.969142096320461,3.5962186410259664,26.103319454683014,0.5204436471505645,364.1257796026035,0.37209302325581395,False,LOSS_OF_CONTROL,586,58.599999999998886,1,731872.5177062324,1328.710230171626,4577.369924936316,322.88311230911256,dry,0.9502824598382715,6.659831871202359,3.4461624915060947,0.0,0.0,4.735697641991459,1012.9046854793107,0.9804748484298471,39.599999999997756,1670.6205296357145,45.799999999997404,,180.29697154948545,348.29764181147544,-712.7075323137138,129.47421873460664,139.83215623337517,1222163688,64.78302573559053,5.872033113819001,11.521972212801124,11.192384312584645,7.868406892724893,11.412198315200117,30.000000000000004,4.799999999999999,0.0,-5.8599999999999195,-7.130060181832779,-16.967779390913684,-2.5319656041448466,0.0,-2.986718938845118,-21.012689175950126,0.0,-80.0,1000021
11.065129210154836,12.445249245094523,38.06969194892168,60.22683595107424,5.6194520152950265,3.0573102998787287,26.179580420896713,0.5282072775221868,389.7155241974204,0.2196969696969697,False,LOSS_OF_CONTROL,621,62.10000000000167,1,762228.9866733255,1329.98626337055,4630.865517605749,293.5091220395311,dry,0.9688096867814885,6.439515720353861,3.175693356534961,0.0,0.0,3.187808546078676,1012.01878182593,0.980028027064988,43.09999999999756,1897.3801480752834,48.99999999999722,,179.90308337771057,389.7155241974204,383.58672257479395,131.8401400557447,142.3873512602043,1535650621,70.1940231793744,7.3078672403436835,13.52912548496418,11.963928081628541,6.413774979810125,12.82955566745,30.0,2.9000000000000012,0.0,-6.209999999999912,-10.687011785304284,-20.168322400630245,-2.4700529984512065,0.0,-1.718763982853311,-22.818994256177106,0.0,-80.0,1000022
0.6639613101876165,13.252719533448568,35.377786520124566,60.41450840947935,6.06249913709972,3.1796890841435257,26.012585558842975,0.5139075154289213,370.6728264784606,0.17886178861788618,False,LOSS_OF_CONTROL,561,56.099999999996896,1,714770.6490283202,1328.8774022806533,4332.959297857012,181.45261136468727,dry,0.9730509880284399,3.235122714698778,1.0967936971474699,0.0,0.0,-1.0150981220136135,1012.6841854839918,0.9835244643048847,37.89999999999785,1569.9007684231851,43.89999999999751,,176.54226188222847,370.6064220395832,-55.896315519805086,126.70394033133438,136.84025555784115,1419087310,61.07916417267408,6.429108442466797,11.058051935138844,10.344755094472761,7.191363979723733,12.022942058674985,29.999999999999996,2.2000000000000006,0.0,-5.609999999999925,-10.947888510343532,-17.835416255881288,-2.4190990295031334,0.0,-3.067270223552371,-19.781750353683268,0.0,-80.0,1000023
10.141484225479033,11.508201126522042,33.09965079513509,60.19763963982306,5.849781342280442,3.0265397958393394,23.80798108292579,0.5304437895782854,375.3955871930254,0.23809523809523808,False,LOSS_OF_CONTROL,595,59.4999999999996,1,749078.1037801347,1329.7844906437542,4322.786312317623,132.77583974371538,dry,0.9566720698636767,3.4709724698323807,2.977585117422381,0.0,0.0,-0.37157628027846457,1013.3777614602458,0.9848610793431133,40.99999999999768,1769.4693086937061,46.999999999997335,,180.77072971881262,374.9085925737208,-146.48045237321523,129.8098859651519,140.19467684236406,144169914,66.16469681970504,6.476417817078176,12.600865926781072,11.269905605627482,6.743470833460024,12.11517873412999,30.0,3.0000000000000013,0.0,-5.949999999999918,-8.755669159471946,-17.423619300121654,-1.8534274964138246,0.0,-2.293137494127821,-21.95319806116764,0.0,-80.0,1000024
-13.759939816537525,14.149023953753257,54.33000118443349,60.41535679657977,5.785769587708715,3.5146958468123386,30.199558955383477,0.4650627818308214,327.3464613987873,0.0,False,LOSS_OF_CONTROL,515,51.49999999999708,1,675648.8616213134,1327.859266413919,4417.247173457638,338.8300818051853,dry,0.9905586167095068,0.5677840050676952,1.9819673781182034,0.0,0.0,0.14747247188165158,1011.0254756935884,0.9804172335564775,34.59999999999804,1366.5237662143522,40.699999999997694,,173.59475388001738,323.0220416799421,-401.24715889802695,123.53803234550043,133.42107493314046,1026130777,54.0248688424458,5.716244204462478,8.838259699216286,9.580603910154988,6.79326221597402,10.840316682634002,30.000000000000004,0.0,0.0,-5.149999999999935,-11.45559584495555,-17.927257353687843,-4.0236275073254,0.0,-5.0267285556974945,-15.970286109758714,0.0,-80.0,1000025
15.525188639705334,9.292072760053248,28.7433505349863,60.73837240487794,5.776001577968749,3.538089466902849,24.9721012952809,0.536149088489382,368.0549209088616,0.25,False,LOSS_OF_CONTROL,608,60.80000000000064,1,749360.8847368639,1329.82171557743,4521.867289967469,342.1151755666655,dry,0.9953068562843373,3.208665217608785,-1.1173119440955852,0.0,0.0,3.1924735996786326,1013.2416798501656,0.9795926620282516,41.79999999999763,1806.3655440553712,47.699999999997296,,183.3404895957688,356.55892208811895,-604.9018498096412,130.64466381753167,141.0962369229342,242566780,68.1893790463958,7.585217452151805,12.790540646845521,11.655587489423182,6.843433988779025,11.682881433919286,30.000000000000007,3.3000000000000016,0.0,-6.079999999999915,-5.83292340403324,-17.059017491640297,-2.1567106947707617,0.0,-2.6836487382525442,-22.70955108911245,0.0,-80.0,1000026
-15.271401798708766,15.726575683874842,55.206534113651934,60.37910499834851,5.6914107812755095,3.4076362259649158,31.442299933325994,0.4787466674571851,342.70018056365734,0.0,False,LOSS_OF_CONTROL,527,52.69999999999701,1,682836.0271274878,1326.9377114411739,4618.904967783955,219.46340563823702,dry,0.9857654988751802,7.910957632655548,1.665286203034575,0.0,0.0,1.2995165766048613,1010.3591749486116,0.9833654501206025,35.199999999998006,1411.2358387533232,41.29999999999766,,171.75704252962282,342.70018056365734,169.71149518535037,124.48227596457534,134.44085804174136,1905761077,55.664624312268806,5.886150704248346,9.55486099084743,9.774618527250796,6.633235833822237,11.905136485506224,30.0,0.0,0.0,-5.269999999999932,-14.482263478257686,-21.06578756610423,-3.669198400697158,0.0,-3.270212434186333,-16.932566773407363,0.0,-80.0,1000027
-37.182514739719345,27.73762005355299,85.18721781628476,60.54739178949833,19.673764832563386,4.864621170791512,27.052614951252203,0.5355228784995032,456.5946328848596,0.0,False,LOSS_OF_CONTROL,603,60.30000000000024,1,730065.6480131848,1322.72240836654,4462.7578987570105,304.0355311486563,dry,0.9918654092989493,5.475449116000635,-1.7027522808419246,0.0,0.0,-1.0131879822767802,1010.2124213219148,0.9775006764385284,39.099999999997785,1612.1553972622633,45.799999999997404,,164.7155927176575,456.5946328848596,2697.302569499912,128.20938861536305,138.4661397045921,53609764,67.14286026074757,6.584877440540456,12.405887874020117,10.842498676670877,5.316670471543442,13.934933228520471,29.999999999999996,0.0,0.0,-6.029999999999916,-36.73226463796097,-31.356918438399294,-3.1169628608496067,0.0,-3.7990802912971,-22.375016463255147,0.0,-80.0,1000028
-36.768346370076685,23.53115416885648,62.16528718184375,60.545002780914245,12.24189814827235,2.6153098959130974,26.939190452797256,0.5200296343280946,446.29036498714186,0.050724637681159424,False,LOSS_OF_CONTROL,547,54.6999999999969,1,676763.7019221988,1325.812737813424,4489.358796161657,258.22137324737275,dry,0.9994531241366231,3.871040254028081,-2.5624383467188463,0.0,0.0,0.058405338266020124,1012.2779162047797,0.9791843807660797,34.499999999998046,1368.3206125500474,40.99999999999768,,163.91536950307608,446.29036498714186,1314.9248273259461,123.54431219810435,133.4278571739527,1396605761,58.530437910901014,6.038831413488026,10.740375632181566,9.582825761347802,5.524127152533913,14.498639968891801,30.0,0.7,0.0,-5.469999999999928,-33.2575209012995,-28.63659052442602,-3.5151720284775005,0.0,-1.9250386252843947,-19.579262129933312,0.0,-80.0,1000029
-50.13184390993244,35.04066957172134,106.75703658452129,60.33811961390895,25.488990425590416,5.500164719454488,23.70335499626566,0.5381630055577908,458.33805997212426,0.0,False,LOSS_OF_CONTROL,611,61.100000000000875,1,738770.0261258715,1322.9581132048509,4397.00266524043,322.2822132154038,dry,0.985204875071397,1.997838726296381,3.0665205261201476,0.0,0.0,-1.6921392347697477,1015.0596796954331,0.9768726560529466,40.499999999997705,1736.5048027024125,47.199999999997324,,161.71379555806493,458.33805997212426,3676.375298327192,128.5109115631425,138.7917844881939,1204230406,68.42137607429069,5.5498129517192165,12.4675273780975,11.03601157229049,5.149227079152409,12.804480058746162,29.999999999999996,0.0,0.0,-6.109999999999914,-42.68296445925747,-32.72922290434426,-2.7031065073130605,0.0,-8.278155535769201,-23.05682961754484,0.0,-80.0,1000030
-11.97911847993825,17.790540373137155,50.02832220247343,61.20810277730797,8.730363817496498,2.021878331832018,25.464385493727026,0.5534686876385815,463.7382201753716,0.1357142857142857,False,LOSS_OF_CONTROL,587,58.699999999998965,1,719054.1487106669,1327.1264660822292,4290.985315406877,382.9805008890545,dry,0.9541639653942228,0.11764124336337822,-2.1243267171947324,0.0,0.0,-0.7948644064955719,1012.0794720938901,0.9750248577263313,38.49999999999782,1590.1006486467077,44.79999999999746,,173.10674179658085,463.7382201753716,1110.7885481246917,127.16973283249051,137.34331145908976,457126891,64.9933655160455,5.509515105864626,12.028215032934783,10.611727379253056,6.730088673152902,15.574005677126651,29.999999999999996,1.9000000000000006,0.0,-5.869999999999919,-20.643050312549665,-25.42574490654885,-2.928153842804278,0.0,-1.7454621436125088,-22.71362465880046,0.0,-80.0,1000031
-25.88817717666305,23.159834598771944,71.54887784920197,60.25023231520144,15.638210801543005,3.8915091926244463,26.513645673359317,0.5419370975052011,467.78943862861286,0.0,False,LOSS_OF_CONTROL,618,61.80000000000143,1,744264.0740838933,1325.3371626681087,4495.67773984237,167.28992148234772,dry,0.9625831830390997,4.428186179777968,2.2427452429837214,0.0,0.0,1.1239173769593611,1011.0121109175963,0.9812745154413712,40.79999999999769,1730.5855348446757,47.199999999997324,,169.07728374654118,467.78943862861286,2196.689610084442,129.87954980670463,140.269913791241,1358656450,69.42300168352855,6.320341427631811,13.083665845424036,11.310319902110814,5.955637969223468,14.608479535171586,30.0,0.0,0.0,-6.179999999999913,-32.42077847466069,-29.662711336388732,-3.1016045468523403,0.0,-1.9315332993078,-23.29299588254374,0.0,-80.0,1000032
-66.76743076388505,29.819500588706124,76.92170059281815,60.8464712325112,18.004756217996633,6.881599882061833,36.3904902549667,0.5168098003162548,365.4849856772936,0.0,False,LOSS_OF_CONTROL,547,54.6999999999969,1,687229.8669720821,1328.0454834236737,4647.410464343452,170.86009072887404,dry,0.987269468627552,7.359723832043285,3.0392452081406693,0.0,0.0,1.9993212479318148,1013.8104371206209,0.9841384039958867,33.5999999999981,1249.796156649243,41.59999999999764,,152.81821657992276,365.4849856772936,1334.6405621779572,124.82000640186185,134.8056069140108,1243835238,56.70947115002713,5.559423633721563,10.07656700924854,9.812056870329286,3.451047164030282,11.49685077089386,29.999999999999996,0.0,0.0,-5.469999999999928,-44.36860980773736,-34.33888665141229,-5.922361385370711,0.0,-4.205876009606934,-19.567113508008294,0.0,-80.0,1000033
-43.204926556022535,29.309099567987317,86.59761376206316,60.084606330575895,20.976402464105078,4.826062946854274,26.66144233828906,0.5450745746324392,495.6168783944581,0.0,False,LOSS_OF_CONTROL,588,58.799999999999045,1,715751.0993613077,1324.7788693750017,4266.684246727496,160.95952172393368,dry,0.9683306416931391,7.960441935584849,0.8837435917071468,0.0,0.0,-1.4075821283403203,1012.9681609235662,0.9804789206142597,37.79999999999786,1565.199934123493,44.39999999999748,,161.62566208002153,495.6168783944581,2968.459722806222,126.68636438096355,136.82127353144065,2095756150,64.80335164777739,6.733535944288442,11.70484803406259,10.385467672879011,5.577862887198477,14.128477586747875,30.0,0.0,0.0,-5.879999999999919,-39.43642347728267,-30.87275604044746,-3.3139843092632537,0.0,-4.481927185766721,-22.553379316216162,0.0,-80.0,1000034
-49.66096306939975,30.055466351555243,83.02724530579214,61.13256363075897,20.209218195170045,4.628637750343338,27.428214968415375,0.5145702852986077,495.894533428857,0.0,False,LOSS_OF_CONTROL,550,54.99999999999688,1,676512.528871305,1322.6848925657057,4531.237561164618,276.978968571792,dry,0.9929335730888339,3.495007436338379,-3.171104125566077,0.0,0.0,-1.526940901333564,1014.7952007502129,0.9770876770685781,34.29999999999806,1343.3598079091396,40.79999999999769,,157.30499213477165,495.894533428857,2611.610114610897,123.02831341190483,132.87057848485722,1998529746,58.83072332626434,6.662947800690116,10.627084896173852,9.425994472444119,5.048353949881374,13.801763712204977,30.0,0.0,0.0,-5.499999999999927,-41.122933247180875,-30.48199897238739,-3.7438040976730127,0.0,-3.641597987407007,-19.56749692241008,0.0,-80.0,1000035
-55.524017021133574,35.37052694275033,104.19724388074549,60.49710971675596,24.822426696586874,5.598754950744625,25.629655691861142,0.551271688757521,436.013938810789,0.0,False,LOSS_OF_CONTROL,594,59.39999999999952,1,730062.354778539,1322.282920699077,4452.257287028338,68.93878468623865,dry,0.9579675980368264,0.6161294026968802,-3.120004873899219,0.0,0.0,-2.0324502113759504,1012.8633498088251,0.9848442839301742,38.99999999999779,1622.5673990704488,45.8999999999974,,158.5149585817759,436.013938810789,3377.2811106873773,127.81375233095355,138.03885251742983,250211419,65.26636831584318,6.2554121327104495,11.906512581614752,10.734273452012697,5.066332950307081,12.133156626884588,30.0,0.0,0.0,-5.939999999999918,-44.24763504171039,-32.01646735115748,-3.099157367092735,0.0,-8.428150977200922,-23.154662343344725,0.0,-80.0,1000036
4.958931493629564,14.503918920418348,43.226872492956026,60.58479040990252,6.140749185209816,1.9224175005692201,27.2389321433943,0.5434218525118681,409.1053962762192,0.3262411347517731,False,LOSS_OF_CONTROL,621,62.10000000000167,1,764492.2404556776,1328.1311982728878,4743.345756847799,63.30286280766634,dry,0.955120224159237,1.8317643211637558,3.13907325469857,0.0,0.0,0.9021355508038553,1010.2826078138851,0.9859462374098812,41.899999999997625,1809.5956982931104,48.09999999999727,,178.69351816816896,409.1053962762192,784.3876684330638,131.62972710616293,142.16010527465596,197216018,69.79864938119464,6.160766812706152,13.539409364101958,11.733613900569873,7.083124957484021,13.954522670069567,29.999999999999996,4.6,0.0,-6.209999999999912,-14.515092819454795,-23.51343489212037,-3.085349161473178,0.0,-1.2171462377999265,-23.370132481648355,0.0,-80.0,1000037
-26.80918952561243,25.171458661668215,80.2311460793653,60.9917457256283,18.381316300711237,4.396148362381738,26.731822056538526,0.5288023474643211,470.64906347981474,0.026490066225165563,False,LOSS_OF_CONTROL,622,62.20000000000175,1,728751.0082331059,1323.8878299038784,4278.7981592385395,318.5242200855903,dry,0.9972495266406927,1.425929568090834,-1.2677686357860312,0.0,0.0,4.753205786096243,1012.5328830972396,0.9771270643482283,40.499999999997705,1693.1054304648674,47.199999999997324,,167.64341283241222,470.64906347981474,2718.4560284550084,129.22539426135342,139.5634258022617,621450925,70.19252203924722,7.73136679083946,13.148969924553537,11.395848630963313,5.202089997802133,14.373596017471499,29.999999999999996,0.4,0.0,-6.219999999999912,-33.58924934464734,-30.80785324591263,-3.116705450050879,0.0,-2.693851087610315,-22.82592379826845,0.0,-80.0,1000038
-44.1785674354273,25.415339300549537,66.42843820414012,61.02089739951734,13.58333876570823,4.013277348293532,29.63354032063166,0.4881054426932306,423.2830779223725,0.02127659574468085,False,LOSS_OF_CONTROL,554,55.39999999999686,1,693734.7203094319,1326.4446536004532,4764.15634812022,115.49341534418922,dry,0.9788502232255415,6.807632237829802,-2.0269024516073375,0.0,0.0,-0.3164003060355123,1013.0888054915199,0.9839472497665629,34.499999999998046,1315.4030164419737,41.399999999997654,,161.3516930422338,423.2830779223725,1196.7832236393779,124.95236740614664,134.94855679863838,163669195,58.94024202759208,5.36268101269278,10.686194823438402,9.809863230039117,5.058904039973874,13.96061356081681,29.999999999999993,0.30000000000000004,0.0,-5.539999999999926,-37.658934011391516,-30.372270391285095,-4.216982242508497,0.0,-2.1730814446257143,-18.3357980401695,0.0,-80.0,1000039
-28.697691051413862,28.97380517921203,93.96841167343645,60.171219598364644,22.174283656296268,4.863235342967466,23.6287240189013,0.5386603697558643,487.0519786747026,0.0,False,LOSS_OF_CONTROL,647,64.70000000000374,1,766749.4891954043,1324.1324773446127,4270.581675541288,373.22003608828095,dry,0.9788869939924613,3.5359183903293845,-2.6104312546229127,0.0,0.0,-1.350667953607208,1012.8739167771658,0.9746099342008937,44.49999999999748,1992.544017427144,50.49999999999714,,169.59546715758262,487.0519786747026,3409.8621650742352,131.1411261880805,141.63241628312696,384049022,74.58209362320318,7.162673724775164,14.057984168609872,11.96359356007553,5.220129717434742,14.01499846404527,30.000000000000004,0.0,0.0,-6.4699999999999065,-37.38318124267535,-30.60175500617886,-2.3179621011686313,0.0,-4.607179698549798,-24.319086260984886,0.0,-80.0,1000040
10.98463093028937,11.056269699344496,31.44512217064455,60.42189052537836,5.967844842404568,2.7256839298899322,22.812047213689087,0.5328790670982353,386.2674491575863,0.2845528455284553,False,LOSS_OF_CONTROL,592,59.19999999999936,1,748525.3795904681,1329.5379342266353,4279.721381425812,188.01881092105975,dry,0.957505468654321,5.937721118946575,0.07511302568140765,0.0,0.0,-2.1430342162005456,1013.1052016324415,0.9828588371967836,41.29999999999766,1771.1250220347672,46.999999999997335,,181.58559382998493,385.06993297753564,-232.4100869477855,129.37938577368897,139.7297366355841,766235739,65.93607800753395,5.755141144690923,12.501519675772506,11.150956093629182,6.903500285238786,12.105322888274518,30.000000000000004,3.5000000000000018,0.0,-5.919999999999918,-8.04074788905208,-16.64287008895967,-1.7030486949355503,0.0,-2.6002453194707527,-21.960975172432562,0.0,-80.0,1000041
-26.90608737843708,24.203226517406,72.9137126962019,60.15045059494257,16.915962328162372,3.7301563462677514,25.514586590370598,0.5365078434142857,511.10661082887873,0.0,False,LOSS_OF_CONTROL,605,60.5000000000004,1,742607.5306589516,1326.8592439111242,4663.070519301031,243.244759104423,dry,0.9524629018307978,0.28916468685175545,-2.617278993790998,0.0,0.0,-2.431466024455812,1014.4932215043755,0.9775772003660018,40.39999999999771,1710.241617934297,46.59999999999736,,166.77659399370097,511.10661082887873,2368.856205602998,128.71379447235196,139.01089803014014,419575447,67.51428772493824,7.121546345040991,12.765218231357657,10.91591032677682,6.172186998976158,15.41884895531034,30.000000000000004,0.0,0.0,-6.0499999999999154,-33.98036560705538,-28.822992163719622,-2.9683326711732594,0.0,-2.3577496014170527,-22.634645917471904,0.0,-80.0,1000042
-53.66112333287782,32.539822900685635,94.03721794823394,60.75475390817429,22.590677887742874,5.588150458046217,28.684037991103796,0.5253815015019556,437.55911953904604,0.0,False,LOSS_OF_CONTROL,578,57.79999999999825,1,698574.8838105132,1322.5897970248761,4416.138285694026,439.0173174970202,dry,0.9922945275087928,7.066459428392932,-0.7718188100062426,0.0,0.0,1.581368522036822,1015.6097292240529,0.9743837591694713,37.0999999999979,1505.5509710542435,43.89999999999751,,156.13520621861483,437.55911953904604,2887.115235954786,125.64395638014848,135.69547289056038,1150466478,62.78862683535409,5.850982756129169,11.393520162479732,10.270469592211976,5.04362139499645,12.719596379907093,29.999999999999993,0.0,0.0,-5.779999999999921,-42.61630963896268,-31.909430548207883,-3.678727022829377,0.0,-6.511540154085811,-21.231933089870413,0.0,-80.0,1000043
-77.74725201171242,33.13814872848094,85.89830238060811,60.23200335267189,20.768969862467767,7.363464054668739,42.02710809783648,0.4948737567330141,297.86161550830707,0.0,False,LOSS_OF_CONTROL,519,51.89999999999706,1,679025.585607558,1327.4249068818426,4718.624749067369,56.93773100163202,dry,0.9516987964401216,3.303491045869322,-1.560506621460382,0.0,0.0,-0.30205180846513446,1014.1245394671297,0.989277045975464,31.59999999999821,1141.4518024477568,46.89999999999734,,148.6399095010301,297.86161550830707,1757.706933578419,123.56053490797684,133.445377700615,1968005468,51.89502744471409,5.181413919008098,9.311017473428876,9.429552705349424,5.3742885721832945,9.86486784924304,29.999999999999993,0.0,0.0,-5.189999999999934,-44.879627394626596,-36.04145929916727,-6.846301044499806,0.0,-8.101403435185702,-17.744628802159784,0.0,-80.0,1000044
-36.04282080787473,32.86420520861465,106.41647854551493,60.12767336781316,23.49917663335261,5.278680190416091,20.66200784181197,0.5296695473471418,436.24999160029313,0.0,False,LOSS_OF_CONTROL,642,64.20000000000334,1,767619.4131729468,1322.106466807761,4745.536769276884,100.33170533226755,dry,0.9685586919855046,1.6437116453292733,-2.4482991066411466,0.0,0.0,4.100261881315737,1013.8953681084414,0.9842754589681445,43.299999999997546,1892.0873770156502,49.89999999999717,,168.66508188072416,436.24999160029313,3395.9783037297443,132.38983684807772,142.98102379592396,886957890,73.32964955016126,8.050798764263686,13.394029239511463,12.205614424777469,4.861382805665485,13.353530318626143,30.000000000000007,0.0,0.0,-6.419999999999908,-38.7122112768957,-32.97972576074449,-1.9194180052698224,0.0,-7.547126644563663,-23.659344223406517,0.0,-80.0,1000045
-7.763316087487297,13.3006198620715,52.44890975302965,60.03674030346775,6.214329180891892,3.309690240024523,29.2544684565531,0.4954665795328002,352.04263894096863,0.09090909090909091,False,LOSS_OF_CONTROL,539,53.89999999999694,1,688313.8605548962,1327.7089260452917,4325.442793047362,287.78145003306054,dry,0.9968949371513273,4.2872076791651565,0.20356829596886428,0.0,0.0,0.8658686713998094,1012.5760596726473,0.9814063829665115,35.899999999997966,1428.5198650043044,41.899999999997625,,176.80804352529464,341.2710067753473,-624.3215556474249,124.75014569165168,134.73015734698382,1063092397,57.715788786425406,5.479026710913453,9.489258623835813,9.927279715113661,7.264547548401618,11.325358427197477,29.999999999999993,1.0999999999999999,0.0,-5.3899999999999295,-10.594733046395927,-17.389284149985404,-3.7937360966689258,0.0,-4.908950823932465,-17.987871782392137,0.0,-80.0,1000046
-46.18921474086969,28.322491634322684,81.8958114268056,60.65968846160991,19.150766425850758,5.296423938485666,29.35922692336932,0.5463839430133299,438.27840643031317,0.0,False,LOSS_OF_CONTROL,581,58.09999999999849,1,711581.6214469484,1323.9984777203617,4557.079936747461,313.1850156620416,dry,0.9984440893729386,5.679736669595289,0.5535522237251311,0.0,0.0,-1.810359273354492,1012.844842777853,0.9776994872392248,37.29999999999789,1540.3947184663732,43.89999999999751,,160.13702009150913,438.27840643031317,2367.5741513709117,126.23576779237595,136.33462921576603,33590794,63.39652092407032,6.6478512091339015,11.384063134095811,10.264611743592583,5.468028833457175,13.278399613815596,30.0,0.0,0.0,-5.809999999999921,-39.174462692460935,-31.31781962535715,-3.928194443448283,0.0,-4.008254700443804,-22.389958737324818,0.0,-80.0,1000047
-48.92381644476505,28.71213342270705,81.57620034710412,61.16332372490964,19.32675261023614,4.600151704381357,27.9549393248041,0.5477226792248561,472.63218272626057,0.0,False,LOSS_OF_CONTROL,563,56.299999999997056,1,688525.0488092349,1322.3210220000246,4415.765274298194,178.10232101599533,dry,0.9794154267385865,6.612580708476983,-0.5986565270828677,0.0,0.0,-1.6159267978558258,1010.6756746791243,0.9806204893099255,35.299999999998,1398.7494600416208,41.79999999999763,,160.12478395403562,472.63218272626057,2545.735163957041,124.34916969952295,134.2971032754848,1561966117,60.80117200742925,5.5789863614586155,11.070862871257397,9.773879640585344,5.168332099595365,13.733161017651621,29.999999999999996,0.0,0.0,-5.629999999999924,-39.228869737664176,-31.02017598650507,-3.744096850325033,0.0,-3.7971507132533553,-21.629917154994917,0.0,-80.0,1000048
8.277583314552686,10.647321330775453,39.051207088783286,60.78525688341966,6.894253824578232,3.4470222453230828,26.561980868767918,0.5241856829976329,379.8107578940326,0.2440944881889764,False,LOSS_OF_CONTROL,586,58.599999999998886,1,732395.6008287707,1329.7866376071752,4599.543093144856,402.9110481628346,dry,0.9961356780351326,5.282843274714748,2.3596972794210327,0.0,0.0,1.142108263306448,1011.5598319995737,0.9774186400388486,39.99999999999773,1692.2426064158117,45.99999999999739,,180.69862929805498,366.0359870191321,-734.7866421744468,128.80898443140416,139.1137031859165,1117555178,64.79921402857575,6.154106929607085,11.351781594801157,11.073426255933978,7.932230749631242,11.69368596446298,30.000000000000004,3.1000000000000014,0.0,-5.8599999999999195,-7.381350510131176,-16.832627541301513,-2.8596318756906465,0.0,-3.878156717275803,-21.01509556406035,0.0,-80.0,1000049
